style,prompt,evaluation_seed
high contrast,A detailed high contrast image illustrating the serene lake with majestic lighting and tone.,22584
dreamy,"In dreamy style, a detailed shot of a mysterious autumn woodland surrounded by nature.",37646
monochrome,"In monochrome photography, a glowing depiction of the snowy meadow during twilight.",22545
wide-angle,A wide-angle photograph focusing on the ethereal interplay between light and the desert dunes.,39824
minimalist,"An artistic minimalist image showing a glowing view of the mountain range, taken at sunrise.",1781
cinematic,"A cinematic nature image of the mountain range, blending luminous light and composition.",39208
landscape,"A landscape landscape scene portraying a dramatic sunlit meadow, with cinematic composition.",7556
soft focus,"A cinematic soft focus photograph of the rocky canyon, under glowing evening light.",16786
telephoto,"A telephoto capture of a crisp tropical island, rendered in photorealistic lighting.",48005
minimalist composition,"A minimalist composition inspired photograph of the tropical island, composed with serene balance and detail.",7675
portrait,"A portrait inspired photograph of the misty jungle, composed with glowing balance and detail.",26644
natural lighting,"Captured in natural lighting style, the mountain range reveals its breathtaking charm through subtle lighting.",16615
muted colors,"In a muted colors mood, this image captures the ethereal serenity of the autumn woodland.",47859
street photography,"A street photography photography composition of the mountain range, highlighting its moody environment.",37598
high saturation,"A cinematic high saturation photograph of the sunlit meadow, under mysterious evening light.",26248
minimalist,"In minimalist photography, a dramatic depiction of the stormy sea during twilight.",4437
architectural,A architectural panoramic capture showing the vivid openness of the desert dunes.,48762
vintage,A vintage frame capturing crisp weather and mood around the snowy meadow.,20620
golden hour,"A golden hour fine-art photo illustrating the dense pine forest, subtle and softly lit.",43247
street photography,"A finely detailed street photography photograph of the autumn woodland, with luminous depth and perspective.",12974
cinematic,A cinematic frame capturing mist-covered weather and mood around the misty jungle.,24910
street photography,"A street photography capture of a radiant forest valley, rendered in photorealistic lighting.",23176
fisheye,"A carefully composed fisheye photo of the dense pine forest, filled with icy tones.",21581
muted colors,"A muted colors scenic capture portraying a tranquil snowy meadow, cinematic framing and tone.",23211
portrait,"A nature photo taken in portrait style, highlighting a glowing forest valley with soft shadows.",658
high contrast,"A carefully composed high contrast photo of the forest valley, filled with icy tones.",8990
dreamy,"A dreamy scenic capture portraying a crisp serene lake, cinematic framing and tone.",39502
architectural,"A architectural art photograph of the tropical island, with mist-covered framing and luminous tone.",12836
black-and-white,"A finely detailed black-and-white photograph of the city skyline, with mist-covered depth and perspective.",37020
natural lighting,"A carefully composed natural lighting photo of the tropical island, filled with dramatic tones.",14696
monochrome,"A monochrome capture of a mysterious sunlit meadow, rendered in photorealistic lighting.",15446
muted colors,A muted colors photograph of a desert dunes bathed in golden afternoon light and atmospheric tones.,24561
vintage,"A vintage photograph of a vivid desert dunes, emphasizing natural light and balanced tones.",742
portrait,An outdoor portrait photo portraying the coastal cliffs in ethereal natural tones.,12054
low light,"A low light inspired shot of the coral beach, emphasizing texture and glowing atmosphere.",18615
high contrast,"An artistic high contrast image showing a mist-covered view of the desert dunes, taken at sunrise.",27032
cinematic,A cinematic travel photo that captures the radiant essence of the dense pine forest.,32246
landscape,"In landscape fashion, the frozen river is shown in softly lit hues and natural gradients.",22636
portrait,"A portrait picture of the frozen river, taken from a high vantage point showing its radiant beauty.",7591
astrophotography,A detailed astrophotography image illustrating the forest valley with golden lighting and tone.,23660
neon lighting,"A neon lighting landscape scene of a autumn woodland beneath luminous clouds, 8k resolution realism.",10243
dreamy,"A finely detailed dreamy photograph of the serene lake, with melancholic depth and perspective.",1159
portrait,"A portrait image revealing the sun-drenched grandeur of the rolling hills, subtle yet powerful.",19204
low light,A low light creative landscape photograph featuring the softly lit beauty of the coral beach.,47675
golden hour,A golden hour panoramic capture showing the majestic openness of the frozen river.,43517
high contrast,"A high contrast exploration of the hidden waterfall, revealing sun-drenched forms and light gradients.",42409
film grain,"A film grain nature image of the city skyline, blending golden light and composition.",5014
fisheye,"In a fisheye mood, this image captures the tranquil serenity of the sunlit meadow.",22430
natural lighting,"In natural lighting fashion, the sunlit meadow is shown in golden hues and natural gradients.",46220
HDR,"A large-format HDR photo of a tranquil autumn woodland, realistic lighting and crisp detail.",9442
minimalist composition,"A minimalist composition inspired photograph of the desert dunes, composed with vivid balance and detail.",41124
infrared,"A infrared nature image of the mountain range, blending breathtaking light and composition.",11053
minimalist composition,"Captured in minimalist composition style, the desert dunes reveals its icy charm through subtle lighting.",38899
film grain,"A film grain landscape scene of a sunlit meadow beneath moody clouds, 8k resolution realism.",3859
fisheye,"A nature photo taken in fisheye style, highlighting a radiant ancient ruins with soft shadows.",29982
blue hour,"Captured in blue hour aesthetic, the frozen river appears sun-drenched against the horizon.",12337
architectural,"A architectural fine-art photo illustrating the hidden waterfall, subtle and mist-covered.",23360
telephoto,"A telephoto art photograph of the rolling hills, with icy framing and luminous tone.",38577
black-and-white,"A black-and-white photo of the hidden waterfall, rich in texture and shadowed atmosphere.",21196
documentary,"A documentary capture of a ethereal stormy sea, rendered in photorealistic lighting.",29760
golden hour,A golden hour creative landscape photograph featuring the vivid beauty of the forest valley.,35739
minimalist,"A minimalist photography composition of the city skyline, highlighting its luminous environment.",37842
wide-angle,A wide-angle scenic shot portraying serene mountains and the hidden waterfall in harmony.,28740
wide-angle,"In a wide-angle mood, this image captures the sun-drenched serenity of the desert dunes.",34698
natural lighting,"A natural lighting photography composition of the city skyline, highlighting its tranquil environment.",4243
landscape,"A landscape outdoor shot of a dense pine forest, featuring golden lighting and natural tones.",37820
product,"An evocative product landscape photograph of the rocky canyon, balanced and shadowed.",47333
high saturation,"A high saturation exploration of the coastal cliffs, revealing golden forms and light gradients.",42236
wide-angle,"In wide-angle photography, a majestic depiction of the stormy sea during twilight.",23436
high contrast,"A documentary-style high contrast image of the serene lake, deeply vivid and realistic.",41201
fisheye,"In fisheye photography, a icy depiction of the rocky canyon during twilight.",37588
muted colors,"A muted colors picture of the volcanic crater, taken from a high vantage point showing its mist-covered beauty.",17271
vintage,"In vintage style, a detailed shot of a softly lit city skyline surrounded by nature.",40851
vintage,A vintage frame capturing serene weather and mood around the snowy meadow.,21161
HDR,A detailed HDR image illustrating the volcanic crater with glowing lighting and tone.,10003
macro,"A macro image revealing the golden grandeur of the rocky canyon, subtle yet powerful.",9550
studio lighting,"A studio lighting scenic capture portraying a crisp ancient ruins, cinematic framing and tone.",28372
muted colors,"A muted colors picture of the volcanic crater, taken from a high vantage point showing its crisp beauty.",25851
surreal,"A surreal landscape taken with luminous precision, showing the autumn woodland in full glory.",12516
surreal,"A surreal picture of the stormy sea, taken from a high vantage point showing its crisp beauty.",19448
surreal,"A surreal photography composition of the forest valley, highlighting its mysterious environment.",42095
muted colors,"A muted colors image revealing the tranquil grandeur of the frozen river, subtle yet powerful.",48919
minimalist composition,"A cinematic minimalist composition photograph of the city skyline, under ethereal evening light.",23871
black-and-white,"A black-and-white inspired shot of the misty jungle, emphasizing texture and icy atmosphere.",25815
astrophotography,"A astrophotography visual study of the rolling hills, exploring its dramatic texture and lighting.",10457
infrared,"Captured in infrared style, the hidden waterfall reveals its vivid charm through subtle lighting.",26067
telephoto,"A telephoto photography piece showing the coral beach, filled with ethereal atmosphere.",48300
bokeh,"A finely detailed bokeh photograph of the autumn woodland, with vivid depth and perspective.",5611
dreamy,"A dreamy inspired photograph of the ancient ruins, composed with sun-drenched balance and detail.",16191
infrared,A infrared frame capturing dramatic weather and mood around the hidden waterfall.,15133
film grain,"In film grain fashion, the autumn woodland is shown in breathtaking hues and natural gradients.",19767
HDR,A HDR scenic shot portraying shadowed mountains and the city skyline in harmony.,6849
high saturation,"A finely detailed high saturation photograph of the sunlit meadow, with breathtaking depth and perspective.",32813
natural lighting,A natural lighting creative landscape photograph featuring the icy beauty of the hidden waterfall.,49130
documentary,"A documentary photography piece showing the rolling hills, filled with crisp atmosphere.",16246
telephoto,A telephoto photograph of a autumn woodland bathed in moody afternoon light and atmospheric tones.,17469
natural lighting,A natural lighting photograph focusing on the ethereal interplay between light and the ancient ruins.,19933
fisheye,A fisheye travel photo that captures the melancholic essence of the volcanic crater.,412
long exposure,"A long exposure photo of the mountain range, rich in texture and serene atmosphere.",33731
underexposed,"A underexposed picture of the serene lake, taken from a high vantage point showing its moody beauty.",13912
macro,"In macro photography, a tranquil depiction of the autumn woodland during twilight.",36467
blue hour,A blue hour photograph of a sunlit meadow bathed in serene afternoon light and atmospheric tones.,18264
minimalist,A minimalist photo highlighting the golden emotion of nature seen in the coastal cliffs.,11420
surreal,"An artistic surreal image showing a sun-drenched view of the mountain range, taken at sunrise.",44624
monochrome,"A monochrome landscape taken with softly lit precision, showing the ancient ruins in full glory.",6967
vintage,A vintage creative landscape photograph featuring the radiant beauty of the stormy sea.,36221
golden hour,"A golden hour inspired photograph of the desert dunes, composed with softly lit balance and detail.",38904
high saturation,"A high saturation landscape taken with glowing precision, showing the rocky canyon in full glory.",25604
astrophotography,A astrophotography view emphasizing shadowed patterns and contrast within the snowy meadow.,39474
telephoto,"A telephoto photograph of a icy coral beach, emphasizing natural light and balanced tones.",21638
high saturation,"In high saturation fashion, the volcanic crater is shown in luminous hues and natural gradients.",33044
muted colors,"A muted colors picture of the serene lake, taken from a high vantage point showing its luminous beauty.",9190
sepia tone,A sepia tone creative landscape photograph featuring the mist-covered beauty of the rolling hills.,12469
HDR,"A HDR exploration of the coastal cliffs, revealing golden forms and light gradients.",19176
landscape,"In landscape style, a detailed shot of a serene coral beach surrounded by nature.",8788
fashion,"A fashion landscape scene portraying a tranquil desert dunes, with cinematic composition.",44064
surreal,A surreal creative landscape photograph featuring the mist-covered beauty of the rolling hills.,5963
underexposed,A scenic underexposed landscape capturing the beauty of the rolling hills under radiant skies.,48354
street photography,"A nature photo taken in street photography style, highlighting a mysterious snowy meadow with soft shadows.",18094
long exposure,"A long exposure photo of the rocky canyon, rich in texture and serene atmosphere.",5409
studio lighting,"A studio lighting nature image of the ancient ruins, blending moody light and composition.",2363
infrared,"A wide panoramic infrared view of a softly lit stormy sea, emphasizing scale and tranquility.",350
astrophotography,"An evocative astrophotography landscape photograph of the volcanic crater, balanced and radiant.",36081
astrophotography,"A detailed astrophotography landscape image of the forest valley, radiating mysterious energy and depth.",34962
natural lighting,"A finely detailed natural lighting photograph of the mountain range, with serene depth and perspective.",6320
cinematic,"Captured in cinematic aesthetic, the serene lake appears dramatic against the horizon.",4990
portrait,"A carefully composed portrait photo of the snowy meadow, filled with moody tones.",31035
telephoto,"A nature photo taken in telephoto style, highlighting a radiant serene lake with soft shadows.",25559
minimalist composition,"A large-format minimalist composition photo of a serene stormy sea, realistic lighting and crisp detail.",31002
natural lighting,"A natural lighting fine-art photo illustrating the serene lake, subtle and icy.",1709
infrared,"A infrared art photograph of the volcanic crater, with moody framing and luminous tone.",7073
natural lighting,A natural lighting creative landscape photograph featuring the moody beauty of the city skyline.,38649
soft focus,"A soft focus photograph showing the rocky canyon, rendered in softly lit clarity.",9262
monochrome,"A monochrome inspired shot of the desert dunes, emphasizing texture and sun-drenched atmosphere.",44271
astrophotography,A astrophotography scenic shot portraying mist-covered mountains and the desert dunes in harmony.,15331
surreal,"A surreal inspired shot of the autumn woodland, emphasizing texture and shadowed atmosphere.",45919
blue hour,"A blue hour photo of the city skyline, rich in texture and luminous atmosphere.",18465
surreal,A detailed surreal image illustrating the volcanic crater with radiant lighting and tone.,19792
fisheye,"A fisheye picture of the hidden waterfall, taken from a high vantage point showing its golden beauty.",22382
high saturation,"A high saturation scenic capture portraying a serene forest valley, cinematic framing and tone.",28251
natural lighting,"A natural lighting photo of the forest valley, rich in texture and mysterious atmosphere.",8214
fashion,A fashion panoramic capture showing the shadowed openness of the stormy sea.,38783
food,"Captured in food style, the volcanic crater reveals its mist-covered charm through subtle lighting.",40106
minimalist composition,A minimalist composition panoramic capture showing the sun-drenched openness of the hidden waterfall.,44444
macro,A macro photo highlighting the shadowed emotion of nature seen in the frozen river.,43865
soft focus,A soft focus panoramic capture showing the icy openness of the tropical island.,39107
long exposure,A long exposure panoramic capture showing the golden openness of the mountain range.,18433
landscape,"Captured in landscape aesthetic, the dense pine forest appears radiant against the horizon.",31095
minimalist composition,A minimalist composition photo series focusing on golden landscapes like the tropical island.,20808
long exposure,A long exposure view emphasizing dramatic patterns and contrast within the snowy meadow.,40478
surreal,A surreal view emphasizing crisp patterns and contrast within the stormy sea.,14390
pastel tone,"A pastel tone photography piece showing the rocky canyon, filled with sun-drenched atmosphere.",25093
muted colors,"A muted colors inspired photograph of the hidden waterfall, composed with vivid balance and detail.",21032
sepia tone,"Captured in sepia tone style, the snowy meadow reveals its crisp charm through subtle lighting.",29241
astrophotography,A scenic astrophotography landscape capturing the beauty of the volcanic crater under serene skies.,14602
fashion,"A fashion photography composition of the tropical island, highlighting its glowing environment.",42194
fashion,A fashion scenic shot portraying moody mountains and the forest valley in harmony.,9615
portrait,"A nature photo taken in portrait style, highlighting a glowing rocky canyon with soft shadows.",7024
infrared,A infrared photograph of a rocky canyon bathed in icy afternoon light and atmospheric tones.,17693
surreal,"A surreal nature image of the dense pine forest, blending mist-covered light and composition.",10842
street photography,"In street photography photography, a ethereal depiction of the misty jungle during twilight.",47536
fashion,"A fashion inspired shot of the tropical island, emphasizing texture and golden atmosphere.",27119
minimalist composition,"In a minimalist composition mood, this image captures the softly lit serenity of the dense pine forest.",21364
minimalist composition,"A documentary-style minimalist composition image of the forest valley, deeply golden and realistic.",17118
documentary,"A documentary fine-art photo illustrating the frozen river, subtle and shadowed.",2120
minimalist,"A minimalist photography composition of the snowy meadow, highlighting its breathtaking environment.",44520
macro,"Captured in macro style, the ancient ruins reveals its melancholic charm through subtle lighting.",31837
low light,"A low light scenic capture portraying a mysterious frozen river, cinematic framing and tone.",321
golden hour,"A golden hour inspired photograph of the hidden waterfall, composed with vivid balance and detail.",30747
minimalist,"In minimalist photography, a crisp depiction of the serene lake during twilight.",9526
muted colors,"A muted colors photograph showing the frozen river, rendered in tranquil clarity.",14065
high contrast,A high contrast travel photo that captures the dramatic essence of the hidden waterfall.,26541
architectural,"In architectural photography, a ethereal depiction of the sunlit meadow during twilight.",46335
overexposed,"A overexposed photograph showing the mountain range, rendered in ethereal clarity.",32696
minimalist,A minimalist photograph depicting the moody stillness of the coral beach at dawn.,399
underexposed,A underexposed creative landscape photograph featuring the sun-drenched beauty of the dense pine forest.,45970
soft focus,"A soft focus landscape taken with majestic precision, showing the snowy meadow in full glory.",46582
blue hour,"A cinematic blue hour photograph of the autumn woodland, under mist-covered evening light.",3722
pastel tone,"A pastel tone nature image of the rocky canyon, blending radiant light and composition.",22554
street photography,A street photography photo highlighting the tranquil emotion of nature seen in the coastal cliffs.,23187
black-and-white,"A black-and-white landscape scene portraying a mist-covered sunlit meadow, with cinematic composition.",25198
minimalist composition,"A minimalist composition photography piece showing the rolling hills, filled with dramatic atmosphere.",13530
soft focus,A soft focus frame capturing radiant weather and mood around the rolling hills.,31028
architectural,"A architectural image revealing the vivid grandeur of the hidden waterfall, subtle yet powerful.",28984
monochrome,"A monochrome visual study of the coastal cliffs, exploring its sun-drenched texture and lighting.",4773
sepia tone,A sepia tone travel photo that captures the majestic essence of the rolling hills.,40538
minimalist,"A minimalist exploration of the snowy meadow, revealing tranquil forms and light gradients.",10068
film grain,A film grain photograph depicting the serene stillness of the misty jungle at dawn.,10064
portrait,"A wide panoramic portrait view of a breathtaking forest valley, emphasizing scale and tranquility.",48839
neon lighting,"A nature photo taken in neon lighting style, highlighting a ethereal volcanic crater with soft shadows.",40396
minimalist composition,"In a minimalist composition mood, this image captures the icy serenity of the desert dunes.",38373
macro,"A macro inspired shot of the stormy sea, emphasizing texture and ethereal atmosphere.",27571
cinematic,"In a cinematic mood, this image captures the glowing serenity of the autumn woodland.",7757
muted colors,A scenic muted colors landscape capturing the beauty of the hidden waterfall under moody skies.,36287
high saturation,"An artistic high saturation image showing a mysterious view of the desert dunes, taken at sunrise.",43734
bokeh,"A bokeh outdoor shot of a stormy sea, featuring moody lighting and natural tones.",26959
natural lighting,"A natural lighting picture of the hidden waterfall, taken from a high vantage point showing its tranquil beauty.",37401
documentary,"Captured in documentary style, the rolling hills reveals its glowing charm through subtle lighting.",28889
fashion,"A fashion fine-art photo illustrating the city skyline, subtle and majestic.",31998
architectural,"A architectural inspired shot of the forest valley, emphasizing texture and crisp atmosphere.",22634
high contrast,"A high contrast photo of the coastal cliffs, rich in texture and glowing atmosphere.",7498
street photography,"A street photography photography composition of the stormy sea, highlighting its glowing environment.",1399
blue hour,"A blue hour landscape taken with vivid precision, showing the hidden waterfall in full glory.",34881
underexposed,"In a underexposed mood, this image captures the golden serenity of the hidden waterfall.",18436
vintage,A vintage photograph focusing on the mysterious interplay between light and the coastal cliffs.,36597
telephoto,A telephoto frame capturing sun-drenched weather and mood around the desert dunes.,45813
blue hour,A blue hour panoramic capture showing the vivid openness of the misty jungle.,2251
architectural,A architectural creative landscape photograph featuring the softly lit beauty of the snowy meadow.,23828
studio lighting,"A finely detailed studio lighting photograph of the misty jungle, with majestic depth and perspective.",72
HDR,A HDR photograph focusing on the ethereal interplay between light and the city skyline.,16041
natural lighting,"A natural lighting landscape taken with golden precision, showing the tropical island in full glory.",54
product,A product view emphasizing melancholic patterns and contrast within the forest valley.,30640
product,"A product landscape scene portraying a sun-drenched sunlit meadow, with cinematic composition.",28621
food,A food frame capturing sun-drenched weather and mood around the coral beach.,15994
cinematic,"A large-format cinematic photo of a radiant serene lake, realistic lighting and crisp detail.",9688
infrared,An outdoor infrared photo portraying the forest valley in melancholic natural tones.,18035
pastel tone,A scenic pastel tone landscape capturing the beauty of the rocky canyon under moody skies.,45234
vintage,"A detailed vintage landscape image of the rocky canyon, radiating luminous energy and depth.",45690
vintage,"An artistic vintage image showing a icy view of the hidden waterfall, taken at sunrise.",49234
studio lighting,A studio lighting travel photo that captures the tranquil essence of the coral beach.,11228
landscape,"A landscape capture of a breathtaking volcanic crater, rendered in photorealistic lighting.",26830
landscape,A landscape creative landscape photograph featuring the moody beauty of the coastal cliffs.,9089
street photography,A street photography scenic shot portraying icy mountains and the stormy sea in harmony.,7922
astrophotography,"Captured in astrophotography aesthetic, the autumn woodland appears mist-covered against the horizon.",2611
sepia tone,"A finely detailed sepia tone photograph of the city skyline, with icy depth and perspective.",7279
documentary,"A finely detailed documentary photograph of the rolling hills, with shadowed depth and perspective.",5861
telephoto,"A telephoto photo of the coastal cliffs, rich in texture and melancholic atmosphere.",10253
landscape,"A landscape art photograph of the autumn woodland, with serene framing and luminous tone.",21123
HDR,"A HDR inspired photograph of the snowy meadow, composed with breathtaking balance and detail.",32705
studio lighting,A scenic studio lighting landscape capturing the beauty of the stormy sea under moody skies.,16433
minimalist,"A minimalist photograph of a mysterious ancient ruins, emphasizing natural light and balanced tones.",48804
golden hour,"A golden hour photo of the city skyline, rich in texture and glowing atmosphere.",39037
product,A product view emphasizing breathtaking patterns and contrast within the tropical island.,40710
high contrast,"A high contrast inspired photograph of the rolling hills, composed with mist-covered balance and detail.",43350
food,"An evocative food landscape photograph of the forest valley, balanced and golden.",9732
bokeh,"A bokeh landscape taken with majestic precision, showing the sunlit meadow in full glory.",13025
pastel tone,"In pastel tone fashion, the autumn woodland is shown in softly lit hues and natural gradients.",20453
architectural,"A wide panoramic architectural view of a luminous rocky canyon, emphasizing scale and tranquility.",9423
astrophotography,A astrophotography photograph depicting the mist-covered stillness of the snowy meadow at dawn.,38670
street photography,"A street photography photography composition of the sunlit meadow, highlighting its melancholic environment.",24461
telephoto,"A telephoto fine-art photo illustrating the misty jungle, subtle and mysterious.",42234
fashion,A fashion view emphasizing icy patterns and contrast within the snowy meadow.,42909
bokeh,"A detailed bokeh landscape image of the rolling hills, radiating icy energy and depth.",16705
architectural,"A architectural photograph of a golden misty jungle, emphasizing natural light and balanced tones.",4436
fisheye,"An evocative fisheye landscape photograph of the ancient ruins, balanced and radiant.",26392
dreamy,"A dreamy scenic capture portraying a moody desert dunes, cinematic framing and tone.",29617
product,"A product art photograph of the coral beach, with shadowed framing and luminous tone.",4791
studio lighting,"A nature photo taken in studio lighting style, highlighting a softly lit coral beach with soft shadows.",17868
underexposed,"Captured in underexposed aesthetic, the stormy sea appears crisp against the horizon.",25556
landscape,A landscape view emphasizing glowing patterns and contrast within the volcanic crater.,27336
overexposed,"A overexposed photograph of a golden forest valley, emphasizing natural light and balanced tones.",42249
fisheye,A fisheye photograph depicting the crisp stillness of the coral beach at dawn.,47670
macro,An outdoor macro photo portraying the rocky canyon in majestic natural tones.,11803
macro,"A macro inspired shot of the misty jungle, emphasizing texture and glowing atmosphere.",12239
underexposed,"A underexposed landscape taken with moody precision, showing the frozen river in full glory.",8599
natural lighting,A natural lighting photo highlighting the melancholic emotion of nature seen in the coral beach.,45637
macro,"A macro photograph of a tranquil volcanic crater, emphasizing natural light and balanced tones.",33579
monochrome,"A monochrome landscape taken with majestic precision, showing the desert dunes in full glory.",36455
natural lighting,"A natural lighting photo of the rolling hills, rich in texture and icy atmosphere.",28403
astrophotography,A astrophotography creative landscape photograph featuring the radiant beauty of the rolling hills.,45271
portrait,A portrait photograph of a misty jungle bathed in ethereal afternoon light and atmospheric tones.,30698
astrophotography,"A astrophotography photograph showing the coastal cliffs, rendered in majestic clarity.",8028
natural lighting,"An artistic natural lighting image showing a majestic view of the hidden waterfall, taken at sunrise.",19124
minimalist composition,"In minimalist composition style, a detailed shot of a glowing stormy sea surrounded by nature.",47579
fisheye,"A fisheye photograph of a mist-covered mountain range, emphasizing natural light and balanced tones.",39210
blue hour,A detailed blue hour image illustrating the tropical island with radiant lighting and tone.,41368
wide-angle,"A nature photo taken in wide-angle style, highlighting a softly lit sunlit meadow with soft shadows.",47288
vintage,"A carefully composed vintage photo of the sunlit meadow, filled with icy tones.",32312
documentary,"In documentary style, a detailed shot of a moody rolling hills surrounded by nature.",14191
infrared,A detailed infrared image illustrating the rolling hills with icy lighting and tone.,27858
underexposed,"A wide panoramic underexposed view of a shadowed coastal cliffs, emphasizing scale and tranquility.",44232
soft focus,"A soft focus photo of the hidden waterfall, rich in texture and glowing atmosphere.",4149
architectural,"In architectural photography, a icy depiction of the serene lake during twilight.",35860
high contrast,A high contrast photograph focusing on the serene interplay between light and the coastal cliffs.,4569
food,A detailed food image illustrating the frozen river with mist-covered lighting and tone.,8717
fashion,"A detailed fashion landscape image of the forest valley, radiating mist-covered energy and depth.",38727
landscape,A scenic landscape landscape capturing the beauty of the tropical island under luminous skies.,11645
telephoto,"A nature photo taken in telephoto style, highlighting a shadowed autumn woodland with soft shadows.",37759
low light,"A low light fine-art photo illustrating the snowy meadow, subtle and luminous.",35068
surreal,"A surreal landscape scene of a forest valley beneath sun-drenched clouds, 8k resolution realism.",43377
black-and-white,A black-and-white photograph depicting the mysterious stillness of the serene lake at dawn.,30226
telephoto,A telephoto frame capturing tranquil weather and mood around the stormy sea.,40916
documentary,"A large-format documentary photo of a crisp tropical island, realistic lighting and crisp detail.",5252
soft focus,"A soft focus capture of a vivid frozen river, rendered in photorealistic lighting.",34544
fisheye,A fisheye photo highlighting the ethereal emotion of nature seen in the sunlit meadow.,44185
low light,"A low light picture of the mountain range, taken from a high vantage point showing its softly lit beauty.",45813
architectural,A architectural photograph focusing on the vivid interplay between light and the forest valley.,2768
minimalist composition,"A minimalist composition landscape scene portraying a moody rolling hills, with cinematic composition.",14419
high contrast,"A high contrast capture of a crisp coral beach, rendered in photorealistic lighting.",26837
telephoto,"A telephoto fine-art photo illustrating the frozen river, subtle and glowing.",14086
infrared,"A infrared landscape scene of a hidden waterfall beneath dramatic clouds, 8k resolution realism.",15853
documentary,"A documentary outdoor shot of a coastal cliffs, featuring dramatic lighting and natural tones.",32857
golden hour,A golden hour frame capturing crisp weather and mood around the rocky canyon.,19162
neon lighting,"A detailed neon lighting landscape image of the autumn woodland, radiating moody energy and depth.",1170
street photography,"A documentary-style street photography image of the misty jungle, deeply serene and realistic.",12641
bokeh,"A bokeh photography piece showing the sunlit meadow, filled with serene atmosphere.",38468
monochrome,"An artistic monochrome image showing a glowing view of the rocky canyon, taken at sunrise.",39513
dreamy,"In a dreamy mood, this image captures the radiant serenity of the tropical island.",1049
vintage,A vintage frame capturing radiant weather and mood around the desert dunes.,49907
macro,"An evocative macro landscape photograph of the volcanic crater, balanced and sun-drenched.",40919
high saturation,"A carefully composed high saturation photo of the volcanic crater, filled with tranquil tones.",44918
food,"A food capture of a moody misty jungle, rendered in photorealistic lighting.",9448
golden hour,A scenic golden hour landscape capturing the beauty of the rolling hills under serene skies.,44945
high saturation,"A high saturation nature image of the autumn woodland, blending glowing light and composition.",29983
sepia tone,"A sepia tone inspired photograph of the forest valley, composed with luminous balance and detail.",11649
sepia tone,"A sepia tone fine-art photo illustrating the autumn woodland, subtle and ethereal.",3468
architectural,"A architectural art photograph of the rolling hills, with dramatic framing and luminous tone.",30987
high saturation,"A high saturation image revealing the moody grandeur of the hidden waterfall, subtle yet powerful.",18234
infrared,"A cinematic infrared photograph of the ancient ruins, under dramatic evening light.",32962
fashion,"In fashion fashion, the rolling hills is shown in vivid hues and natural gradients.",31816
astrophotography,"A astrophotography fine-art photo illustrating the autumn woodland, subtle and luminous.",28798
vintage,"A vintage inspired photograph of the coastal cliffs, composed with dramatic balance and detail.",3119
food,A food photograph depicting the vivid stillness of the volcanic crater at dawn.,6318
minimalist,A minimalist photo highlighting the radiant emotion of nature seen in the rocky canyon.,5877
golden hour,A golden hour panoramic capture showing the tranquil openness of the misty jungle.,30588
wide-angle,"A wide-angle picture of the misty jungle, taken from a high vantage point showing its ethereal beauty.",15251
macro,A scenic macro landscape capturing the beauty of the rolling hills under shadowed skies.,45556
pastel tone,"A pastel tone photography composition of the forest valley, highlighting its tranquil environment.",38969
natural lighting,"Captured in natural lighting style, the volcanic crater reveals its radiant charm through subtle lighting.",14138
studio lighting,A studio lighting travel photo that captures the breathtaking essence of the desert dunes.,27317
soft focus,A scenic soft focus landscape capturing the beauty of the rolling hills under mysterious skies.,25591
HDR,"In HDR photography, a luminous depiction of the dense pine forest during twilight.",40092
low light,"A low light landscape scene portraying a serene snowy meadow, with cinematic composition.",30080
wide-angle,A wide-angle travel photo that captures the mist-covered essence of the misty jungle.,23343
black-and-white,"A black-and-white photograph showing the forest valley, rendered in luminous clarity.",32530
overexposed,An outdoor overexposed photo portraying the hidden waterfall in sun-drenched natural tones.,6585
long exposure,"A nature photo taken in long exposure style, highlighting a radiant tropical island with soft shadows.",1200
golden hour,"A finely detailed golden hour photograph of the desert dunes, with ethereal depth and perspective.",21685
pastel tone,"In pastel tone photography, a melancholic depiction of the hidden waterfall during twilight.",20900
product,"A product image revealing the tranquil grandeur of the serene lake, subtle yet powerful.",38963
dreamy,A dreamy photo series focusing on crisp landscapes like the tropical island.,47106
film grain,A scenic film grain landscape capturing the beauty of the frozen river under melancholic skies.,45285
dreamy,"A dreamy capture of a melancholic sunlit meadow, rendered in photorealistic lighting.",13024
low light,"A low light nature image of the rolling hills, blending softly lit light and composition.",38688
surreal,"A large-format surreal photo of a golden city skyline, realistic lighting and crisp detail.",34269
blue hour,A blue hour scenic shot portraying golden mountains and the sunlit meadow in harmony.,8506
fisheye,"A fisheye scenic capture portraying a luminous ancient ruins, cinematic framing and tone.",6978
long exposure,"A long exposure landscape scene of a dense pine forest beneath mist-covered clouds, 8k resolution realism.",35784
natural lighting,A natural lighting view emphasizing icy patterns and contrast within the snowy meadow.,7813
fashion,A fashion view emphasizing sun-drenched patterns and contrast within the misty jungle.,17924
fisheye,A fisheye view emphasizing glowing patterns and contrast within the rolling hills.,519
neon lighting,"A neon lighting capture of a moody tropical island, rendered in photorealistic lighting.",14667
pastel tone,"A pastel tone landscape scene portraying a serene dense pine forest, with cinematic composition.",49253
landscape,"A carefully composed landscape photo of the stormy sea, filled with melancholic tones.",49476
neon lighting,A neon lighting photo highlighting the ethereal emotion of nature seen in the forest valley.,28769
soft focus,"A carefully composed soft focus photo of the autumn woodland, filled with mysterious tones.",25908
overexposed,"A overexposed nature image of the misty jungle, blending vivid light and composition.",11187
astrophotography,"A finely detailed astrophotography photograph of the sunlit meadow, with radiant depth and perspective.",39218
black-and-white,An outdoor black-and-white photo portraying the rolling hills in mist-covered natural tones.,32873
food,"In food photography, a breathtaking depiction of the hidden waterfall during twilight.",33897
sepia tone,"A sepia tone visual study of the ancient ruins, exploring its breathtaking texture and lighting.",16884
blue hour,A blue hour photograph depicting the luminous stillness of the rolling hills at dawn.,15063
minimalist,A minimalist scenic shot portraying tranquil mountains and the desert dunes in harmony.,26832
high contrast,A high contrast photo series focusing on sun-drenched landscapes like the hidden waterfall.,1620
monochrome,"A large-format monochrome photo of a glowing forest valley, realistic lighting and crisp detail.",33078
golden hour,A golden hour view emphasizing crisp patterns and contrast within the desert dunes.,40494
documentary,A documentary travel photo that captures the mist-covered essence of the coastal cliffs.,29042
surreal,"An evocative surreal landscape photograph of the forest valley, balanced and icy.",46796
muted colors,A muted colors frame capturing luminous weather and mood around the frozen river.,19346
HDR,"A HDR photograph of a ethereal coral beach, emphasizing natural light and balanced tones.",19809
HDR,A HDR photograph focusing on the sun-drenched interplay between light and the autumn woodland.,5367
overexposed,A overexposed panoramic capture showing the dramatic openness of the coral beach.,34465
astrophotography,"A astrophotography landscape taken with vivid precision, showing the serene lake in full glory.",46217
sepia tone,A sepia tone photograph focusing on the tranquil interplay between light and the sunlit meadow.,10849
minimalist composition,"A minimalist composition outdoor shot of a tropical island, featuring radiant lighting and natural tones.",19770
high saturation,"A high saturation landscape scene of a snowy meadow beneath tranquil clouds, 8k resolution realism.",29424
overexposed,"A overexposed nature image of the frozen river, blending ethereal light and composition.",15723
high contrast,"A high contrast landscape taken with moody precision, showing the frozen river in full glory.",32745
long exposure,"A long exposure scenic capture portraying a softly lit autumn woodland, cinematic framing and tone.",21101
minimalist,"A minimalist exploration of the stormy sea, revealing serene forms and light gradients.",12882
vintage,"A vintage landscape scene portraying a sun-drenched hidden waterfall, with cinematic composition.",45204
blue hour,A scenic blue hour landscape capturing the beauty of the tropical island under breathtaking skies.,43343
low light,"A low light inspired shot of the coral beach, emphasizing texture and mist-covered atmosphere.",8074
documentary,"An evocative documentary landscape photograph of the frozen river, balanced and glowing.",15261
food,A scenic food landscape capturing the beauty of the ancient ruins under mist-covered skies.,41939
telephoto,"A finely detailed telephoto photograph of the dense pine forest, with serene depth and perspective.",44576
studio lighting,A studio lighting panoramic capture showing the radiant openness of the tropical island.,553
telephoto,A telephoto scenic shot portraying glowing mountains and the sunlit meadow in harmony.,16030
surreal,A surreal photograph of a frozen river bathed in crisp afternoon light and atmospheric tones.,39914
product,"A wide panoramic product view of a vivid frozen river, emphasizing scale and tranquility.",18967
monochrome,"A wide panoramic monochrome view of a ethereal autumn woodland, emphasizing scale and tranquility.",43208
neon lighting,"A documentary-style neon lighting image of the desert dunes, deeply breathtaking and realistic.",9759
documentary,"A wide panoramic documentary view of a sun-drenched sunlit meadow, emphasizing scale and tranquility.",34265
black-and-white,"A black-and-white landscape taken with majestic precision, showing the city skyline in full glory.",13281
street photography,A street photography frame capturing serene weather and mood around the tropical island.,47020
high saturation,"A high saturation nature image of the frozen river, blending ethereal light and composition.",21801
blue hour,"In blue hour photography, a serene depiction of the city skyline during twilight.",1742
overexposed,"A cinematic overexposed photograph of the serene lake, under radiant evening light.",47082
food,A food scenic shot portraying icy mountains and the stormy sea in harmony.,38688
neon lighting,A neon lighting photograph of a serene lake bathed in softly lit afternoon light and atmospheric tones.,45625
food,"A food outdoor shot of a ancient ruins, featuring softly lit lighting and natural tones.",16717
black-and-white,"Captured in black-and-white style, the coastal cliffs reveals its vivid charm through subtle lighting.",47029
HDR,"A HDR inspired shot of the volcanic crater, emphasizing texture and serene atmosphere.",32292
black-and-white,"A black-and-white photography piece showing the ancient ruins, filled with moody atmosphere.",16416
wide-angle,"A wide-angle image revealing the radiant grandeur of the ancient ruins, subtle yet powerful.",49182
architectural,"An evocative architectural landscape photograph of the sunlit meadow, balanced and crisp.",39541
high saturation,"A high saturation outdoor shot of a frozen river, featuring vivid lighting and natural tones.",30651
long exposure,"A long exposure picture of the coral beach, taken from a high vantage point showing its moody beauty.",14480
surreal,"A surreal outdoor shot of a rolling hills, featuring softly lit lighting and natural tones.",40677
neon lighting,A neon lighting frame capturing luminous weather and mood around the forest valley.,7547
soft focus,"Captured in soft focus aesthetic, the hidden waterfall appears icy against the horizon.",44875
golden hour,"An artistic golden hour image showing a crisp view of the rocky canyon, taken at sunrise.",36585
neon lighting,"In neon lighting fashion, the coastal cliffs is shown in softly lit hues and natural gradients.",41711
high saturation,A high saturation frame capturing golden weather and mood around the frozen river.,21843
underexposed,"Captured in underexposed style, the rocky canyon reveals its crisp charm through subtle lighting.",35697
cinematic,"In a cinematic mood, this image captures the melancholic serenity of the stormy sea.",42947
studio lighting,"A finely detailed studio lighting photograph of the snowy meadow, with majestic depth and perspective.",2995
overexposed,A overexposed photo series focusing on golden landscapes like the city skyline.,29458
minimalist composition,"An artistic minimalist composition image showing a mist-covered view of the tropical island, taken at sunrise.",6721
muted colors,"A muted colors visual study of the rolling hills, exploring its shadowed texture and lighting.",17962
bokeh,"A bokeh photograph showing the volcanic crater, rendered in tranquil clarity.",27859
muted colors,"A muted colors landscape scene portraying a dramatic rolling hills, with cinematic composition.",5629
telephoto,"A finely detailed telephoto photograph of the serene lake, with serene depth and perspective.",4530
overexposed,A overexposed view emphasizing mysterious patterns and contrast within the volcanic crater.,38470
food,"A food photograph showing the frozen river, rendered in majestic clarity.",2254
surreal,A surreal photograph depicting the vivid stillness of the tropical island at dawn.,15634
minimalist composition,A minimalist composition photograph focusing on the mist-covered interplay between light and the tropical island.,29050
pastel tone,"Captured in pastel tone aesthetic, the misty jungle appears icy against the horizon.",10593
muted colors,A muted colors travel photo that captures the crisp essence of the misty jungle.,42757
minimalist composition,"A minimalist composition photography piece showing the coastal cliffs, filled with radiant atmosphere.",37015
long exposure,"An evocative long exposure landscape photograph of the mountain range, balanced and golden.",23220
black-and-white,A black-and-white scenic shot portraying icy mountains and the coral beach in harmony.,10753
muted colors,"An artistic muted colors image showing a tranquil view of the mountain range, taken at sunrise.",6399
monochrome,A monochrome photograph of a autumn woodland bathed in breathtaking afternoon light and atmospheric tones.,4108
minimalist composition,"An evocative minimalist composition landscape photograph of the sunlit meadow, balanced and tranquil.",36555
neon lighting,"A neon lighting outdoor shot of a rolling hills, featuring ethereal lighting and natural tones.",48650
long exposure,A long exposure photograph depicting the dramatic stillness of the autumn woodland at dawn.,23814
low light,A low light creative landscape photograph featuring the mist-covered beauty of the frozen river.,22351
overexposed,A overexposed photo series focusing on crisp landscapes like the rolling hills.,49683
minimalist,"A minimalist exploration of the serene lake, revealing shadowed forms and light gradients.",44979
golden hour,A scenic golden hour landscape capturing the beauty of the forest valley under dramatic skies.,37739
film grain,"A film grain landscape taken with breathtaking precision, showing the autumn woodland in full glory.",29633
black-and-white,A detailed black-and-white image illustrating the rocky canyon with dramatic lighting and tone.,9162
surreal,"A surreal visual study of the tropical island, exploring its melancholic texture and lighting.",23770
sepia tone,"A documentary-style sepia tone image of the ancient ruins, deeply majestic and realistic.",18602
product,"An evocative product landscape photograph of the coral beach, balanced and melancholic.",15168
golden hour,"A golden hour landscape scene portraying a moody frozen river, with cinematic composition.",28072
street photography,"A street photography photograph showing the tropical island, rendered in golden clarity.",15942
low light,"A nature photo taken in low light style, highlighting a icy snowy meadow with soft shadows.",40213
infrared,"In infrared photography, a dramatic depiction of the frozen river during twilight.",27287
astrophotography,A astrophotography frame capturing vivid weather and mood around the dense pine forest.,18213
underexposed,"A underexposed fine-art photo illustrating the dense pine forest, subtle and shadowed.",27019
food,"A documentary-style food image of the snowy meadow, deeply icy and realistic.",3764
pastel tone,"Captured in pastel tone style, the volcanic crater reveals its ethereal charm through subtle lighting.",18857
telephoto,An outdoor telephoto photo portraying the tropical island in moody natural tones.,24007
portrait,A detailed portrait image illustrating the stormy sea with ethereal lighting and tone.,47476
portrait,A portrait panoramic capture showing the sun-drenched openness of the desert dunes.,21093
golden hour,"A golden hour scenic capture portraying a mysterious forest valley, cinematic framing and tone.",11034
studio lighting,"Captured in studio lighting style, the desert dunes reveals its tranquil charm through subtle lighting.",7084
black-and-white,"A large-format black-and-white photo of a golden desert dunes, realistic lighting and crisp detail.",46643
muted colors,"In muted colors fashion, the hidden waterfall is shown in mysterious hues and natural gradients.",4369
high contrast,"A high contrast nature image of the volcanic crater, blending shadowed light and composition.",39234
blue hour,"A documentary-style blue hour image of the dense pine forest, deeply moody and realistic.",12023
wide-angle,"A wide-angle inspired shot of the volcanic crater, emphasizing texture and tranquil atmosphere.",4293
film grain,"In film grain fashion, the mountain range is shown in mist-covered hues and natural gradients.",13081
studio lighting,"A nature photo taken in studio lighting style, highlighting a luminous serene lake with soft shadows.",18679
black-and-white,"A black-and-white photography piece showing the tropical island, filled with tranquil atmosphere.",31025
monochrome,"A monochrome photograph showing the coastal cliffs, rendered in crisp clarity.",15656
minimalist,"A large-format minimalist photo of a breathtaking hidden waterfall, realistic lighting and crisp detail.",42324
surreal,A scenic surreal landscape capturing the beauty of the misty jungle under golden skies.,23542
fashion,A scenic fashion landscape capturing the beauty of the serene lake under melancholic skies.,6500
minimalist,A detailed minimalist image illustrating the sunlit meadow with radiant lighting and tone.,42
surreal,"A surreal nature image of the tropical island, blending vivid light and composition.",43093
neon lighting,A neon lighting photograph depicting the serene stillness of the coral beach at dawn.,40300
film grain,"A film grain nature image of the volcanic crater, blending sun-drenched light and composition.",18203
monochrome,A monochrome photograph depicting the tranquil stillness of the snowy meadow at dawn.,32331
soft focus,"A nature photo taken in soft focus style, highlighting a majestic ancient ruins with soft shadows.",40920
soft focus,"A soft focus capture of a softly lit ancient ruins, rendered in photorealistic lighting.",20205
fisheye,A scenic fisheye landscape capturing the beauty of the rolling hills under breathtaking skies.,48029
natural lighting,"A natural lighting picture of the forest valley, taken from a high vantage point showing its serene beauty.",28378
pastel tone,"A cinematic pastel tone photograph of the hidden waterfall, under golden evening light.",40798
long exposure,"A long exposure picture of the volcanic crater, taken from a high vantage point showing its majestic beauty.",48066
overexposed,"A documentary-style overexposed image of the autumn woodland, deeply tranquil and realistic.",37899
fisheye,A fisheye photo series focusing on serene landscapes like the city skyline.,17435
golden hour,"A golden hour nature image of the autumn woodland, blending glowing light and composition.",13608
cinematic,"Captured in cinematic aesthetic, the city skyline appears luminous against the horizon.",3860
landscape,"A landscape landscape taken with moody precision, showing the dense pine forest in full glory.",36781
cinematic,"In a cinematic mood, this image captures the sun-drenched serenity of the forest valley.",5625
monochrome,"A nature photo taken in monochrome style, highlighting a sun-drenched volcanic crater with soft shadows.",1724
macro,A macro view emphasizing vivid patterns and contrast within the serene lake.,35000
HDR,"A HDR inspired photograph of the volcanic crater, composed with golden balance and detail.",32291
food,"In food photography, a majestic depiction of the coastal cliffs during twilight.",33445
blue hour,"In blue hour fashion, the forest valley is shown in sun-drenched hues and natural gradients.",30130
HDR,A HDR creative landscape photograph featuring the moody beauty of the coral beach.,35401
minimalist composition,"A minimalist composition inspired shot of the rocky canyon, emphasizing texture and tranquil atmosphere.",49309
pastel tone,A pastel tone photograph focusing on the softly lit interplay between light and the autumn woodland.,44940
natural lighting,"An artistic natural lighting image showing a icy view of the forest valley, taken at sunrise.",29754
astrophotography,"A documentary-style astrophotography image of the misty jungle, deeply majestic and realistic.",32348
overexposed,A overexposed scenic shot portraying tranquil mountains and the dense pine forest in harmony.,26138
overexposed,A overexposed frame capturing tranquil weather and mood around the desert dunes.,49522
high saturation,A high saturation view emphasizing golden patterns and contrast within the serene lake.,10241
minimalist,A detailed minimalist image illustrating the mountain range with radiant lighting and tone.,13571
long exposure,"A long exposure photography piece showing the forest valley, filled with mysterious atmosphere.",11437
pastel tone,"Captured in pastel tone aesthetic, the misty jungle appears dramatic against the horizon.",39731
HDR,"A HDR nature image of the coastal cliffs, blending moody light and composition.",7505
cinematic,"A cinematic landscape taken with majestic precision, showing the coastal cliffs in full glory.",49830
film grain,"Captured in film grain style, the mountain range reveals its sun-drenched charm through subtle lighting.",45634
underexposed,A underexposed photograph of a misty jungle bathed in majestic afternoon light and atmospheric tones.,16969
dreamy,A scenic dreamy landscape capturing the beauty of the rocky canyon under serene skies.,36394
food,"A food photograph of a breathtaking rolling hills, emphasizing natural light and balanced tones.",21483
wide-angle,"A wide-angle fine-art photo illustrating the volcanic crater, subtle and tranquil.",14590
black-and-white,A scenic black-and-white landscape capturing the beauty of the volcanic crater under crisp skies.,42048
soft focus,"A carefully composed soft focus photo of the city skyline, filled with softly lit tones.",28707
wide-angle,A wide-angle photo series focusing on luminous landscapes like the frozen river.,26518
surreal,A surreal frame capturing mist-covered weather and mood around the city skyline.,19990
studio lighting,A studio lighting photograph of a stormy sea bathed in mist-covered afternoon light and atmospheric tones.,40065
portrait,A portrait travel photo that captures the serene essence of the tropical island.,11518
vintage,A vintage creative landscape photograph featuring the moody beauty of the city skyline.,46210
macro,An outdoor macro photo portraying the tropical island in dramatic natural tones.,37746
soft focus,"A large-format soft focus photo of a moody dense pine forest, realistic lighting and crisp detail.",40994
vintage,"A vintage photography composition of the dense pine forest, highlighting its mist-covered environment.",18763
wide-angle,A wide-angle photo series focusing on icy landscapes like the rocky canyon.,29633
overexposed,A overexposed travel photo that captures the moody essence of the city skyline.,14797
natural lighting,A detailed natural lighting image illustrating the forest valley with luminous lighting and tone.,29351
low light,A low light panoramic capture showing the icy openness of the coastal cliffs.,38552
film grain,"A film grain inspired photograph of the serene lake, composed with breathtaking balance and detail.",43271
fashion,"A large-format fashion photo of a mist-covered coastal cliffs, realistic lighting and crisp detail.",18521
food,"A food visual study of the stormy sea, exploring its mysterious texture and lighting.",29714
overexposed,"A nature photo taken in overexposed style, highlighting a radiant dense pine forest with soft shadows.",15026
documentary,"A wide panoramic documentary view of a mysterious ancient ruins, emphasizing scale and tranquility.",31845
HDR,A HDR panoramic capture showing the ethereal openness of the frozen river.,9721
vintage,A vintage photograph of a snowy meadow bathed in crisp afternoon light and atmospheric tones.,30419
underexposed,"An evocative underexposed landscape photograph of the snowy meadow, balanced and vivid.",22349
architectural,"A wide panoramic architectural view of a crisp ancient ruins, emphasizing scale and tranquility.",36206
overexposed,"A overexposed exploration of the serene lake, revealing vivid forms and light gradients.",47223
architectural,"A architectural art photograph of the city skyline, with melancholic framing and luminous tone.",48333
high contrast,"A high contrast scenic capture portraying a sun-drenched mountain range, cinematic framing and tone.",29109
pastel tone,A pastel tone scenic shot portraying shadowed mountains and the tropical island in harmony.,42054
HDR,"A HDR picture of the rolling hills, taken from a high vantage point showing its mist-covered beauty.",12490
vintage,An outdoor vintage photo portraying the rolling hills in radiant natural tones.,33222
street photography,"Captured in street photography aesthetic, the mountain range appears glowing against the horizon.",46794
studio lighting,A studio lighting travel photo that captures the mist-covered essence of the snowy meadow.,16660
infrared,A infrared scenic shot portraying serene mountains and the rocky canyon in harmony.,22785
bokeh,"Captured in bokeh aesthetic, the volcanic crater appears crisp against the horizon.",49957
portrait,"An evocative portrait landscape photograph of the dense pine forest, balanced and mist-covered.",44668
soft focus,"A soft focus visual study of the volcanic crater, exploring its serene texture and lighting.",46256
golden hour,"A golden hour photograph showing the snowy meadow, rendered in moody clarity.",1131
high contrast,A high contrast photo series focusing on ethereal landscapes like the sunlit meadow.,43012
infrared,"A large-format infrared photo of a serene dense pine forest, realistic lighting and crisp detail.",22148
food,"A finely detailed food photograph of the frozen river, with ethereal depth and perspective.",19244
film grain,"A film grain exploration of the ancient ruins, revealing breathtaking forms and light gradients.",25923
pastel tone,"A pastel tone inspired photograph of the ancient ruins, composed with dramatic balance and detail.",16993
underexposed,A detailed underexposed image illustrating the ancient ruins with crisp lighting and tone.,43064
soft focus,"A large-format soft focus photo of a radiant coral beach, realistic lighting and crisp detail.",8835
documentary,A documentary photo series focusing on crisp landscapes like the city skyline.,43916
architectural,"A architectural photography piece showing the rolling hills, filled with shadowed atmosphere.",32550
surreal,A surreal photograph of a frozen river bathed in sun-drenched afternoon light and atmospheric tones.,4007
studio lighting,A studio lighting creative landscape photograph featuring the radiant beauty of the city skyline.,19322
minimalist composition,"A large-format minimalist composition photo of a ethereal frozen river, realistic lighting and crisp detail.",35649
fashion,"A fashion photo of the coral beach, rich in texture and luminous atmosphere.",9301
product,A product photograph depicting the mist-covered stillness of the serene lake at dawn.,29109
overexposed,"An artistic overexposed image showing a sun-drenched view of the snowy meadow, taken at sunrise.",40803
golden hour,"A carefully composed golden hour photo of the tropical island, filled with golden tones.",26948
muted colors,"A muted colors landscape scene portraying a sun-drenched city skyline, with cinematic composition.",34265
high contrast,"A high contrast nature image of the snowy meadow, blending mysterious light and composition.",26998
sepia tone,A sepia tone panoramic capture showing the softly lit openness of the frozen river.,10808
telephoto,"A telephoto landscape scene of a snowy meadow beneath ethereal clouds, 8k resolution realism.",48812
long exposure,"A long exposure inspired shot of the city skyline, emphasizing texture and luminous atmosphere.",43453
neon lighting,"Captured in neon lighting style, the serene lake reveals its ethereal charm through subtle lighting.",10676
wide-angle,A detailed wide-angle image illustrating the serene lake with ethereal lighting and tone.,35990
portrait,"A detailed portrait landscape image of the rocky canyon, radiating tranquil energy and depth.",44354
macro,"A documentary-style macro image of the coastal cliffs, deeply mysterious and realistic.",48887
landscape,"A landscape inspired photograph of the autumn woodland, composed with moody balance and detail.",6536
neon lighting,A detailed neon lighting image illustrating the city skyline with radiant lighting and tone.,3165
blue hour,"A blue hour image revealing the softly lit grandeur of the volcanic crater, subtle yet powerful.",32065
pastel tone,A pastel tone frame capturing shadowed weather and mood around the frozen river.,32819
golden hour,"A nature photo taken in golden hour style, highlighting a ethereal hidden waterfall with soft shadows.",33044
minimalist composition,"A detailed minimalist composition landscape image of the frozen river, radiating breathtaking energy and depth.",9483
minimalist,"Captured in minimalist style, the snowy meadow reveals its golden charm through subtle lighting.",7880
fashion,"A fashion inspired photograph of the frozen river, composed with vivid balance and detail.",14417
blue hour,"A blue hour landscape scene portraying a sun-drenched frozen river, with cinematic composition.",46776
high saturation,"A high saturation outdoor shot of a dense pine forest, featuring majestic lighting and natural tones.",48124
bokeh,"A bokeh inspired photograph of the coastal cliffs, composed with sun-drenched balance and detail.",5284
street photography,"A street photography photograph of a serene desert dunes, emphasizing natural light and balanced tones.",11872
black-and-white,"In black-and-white photography, a mist-covered depiction of the rocky canyon during twilight.",44931
black-and-white,A detailed black-and-white image illustrating the coastal cliffs with luminous lighting and tone.,21347
surreal,"A surreal photo of the serene lake, rich in texture and melancholic atmosphere.",16459
natural lighting,A natural lighting photo highlighting the icy emotion of nature seen in the desert dunes.,2805
infrared,"A finely detailed infrared photograph of the misty jungle, with melancholic depth and perspective.",29428
neon lighting,"A documentary-style neon lighting image of the dense pine forest, deeply moody and realistic.",33061
astrophotography,A scenic astrophotography landscape capturing the beauty of the serene lake under luminous skies.,45622
soft focus,"Captured in soft focus aesthetic, the misty jungle appears luminous against the horizon.",43252
high saturation,"A high saturation landscape taken with crisp precision, showing the stormy sea in full glory.",3632
pastel tone,A pastel tone photograph of a serene lake bathed in mysterious afternoon light and atmospheric tones.,29233
film grain,A film grain view emphasizing glowing patterns and contrast within the ancient ruins.,13954
astrophotography,"In astrophotography style, a detailed shot of a tranquil desert dunes surrounded by nature.",24098
long exposure,"A large-format long exposure photo of a golden sunlit meadow, realistic lighting and crisp detail.",36456
dreamy,"A dreamy art photograph of the desert dunes, with crisp framing and luminous tone.",20130
landscape,"In landscape fashion, the snowy meadow is shown in melancholic hues and natural gradients.",34926
astrophotography,"In astrophotography style, a detailed shot of a icy serene lake surrounded by nature.",13286
overexposed,A overexposed frame capturing icy weather and mood around the ancient ruins.,28934
high contrast,"In high contrast style, a detailed shot of a breathtaking coastal cliffs surrounded by nature.",27445
dreamy,A dreamy frame capturing crisp weather and mood around the forest valley.,34553
high contrast,A high contrast photograph of a rolling hills bathed in golden afternoon light and atmospheric tones.,22016
cinematic,"A documentary-style cinematic image of the coral beach, deeply breathtaking and realistic.",4837
macro,A macro photograph depicting the softly lit stillness of the stormy sea at dawn.,38951
black-and-white,"An artistic black-and-white image showing a luminous view of the forest valley, taken at sunrise.",11602
blue hour,A blue hour photo highlighting the breathtaking emotion of nature seen in the serene lake.,47158
golden hour,"A golden hour photograph of a glowing sunlit meadow, emphasizing natural light and balanced tones.",39924
infrared,A infrared photo series focusing on golden landscapes like the serene lake.,11734
golden hour,"A golden hour inspired shot of the stormy sea, emphasizing texture and tranquil atmosphere.",4425
soft focus,A detailed soft focus image illustrating the coastal cliffs with ethereal lighting and tone.,36130
documentary,"A documentary inspired photograph of the mountain range, composed with crisp balance and detail.",47990
fashion,"A fashion landscape scene portraying a radiant volcanic crater, with cinematic composition.",36049
minimalist composition,"A detailed minimalist composition landscape image of the snowy meadow, radiating radiant energy and depth.",31860
cinematic,A cinematic photograph focusing on the mist-covered interplay between light and the rocky canyon.,23406
macro,"A finely detailed macro photograph of the dense pine forest, with tranquil depth and perspective.",37925
overexposed,"A carefully composed overexposed photo of the mountain range, filled with melancholic tones.",25626
film grain,An outdoor film grain photo portraying the snowy meadow in vivid natural tones.,28465
monochrome,"A cinematic monochrome photograph of the coral beach, under golden evening light.",13371
portrait,"A portrait photograph showing the hidden waterfall, rendered in glowing clarity.",38825
black-and-white,"A black-and-white photography composition of the coastal cliffs, highlighting its glowing environment.",34478
portrait,"A portrait photo of the tropical island, rich in texture and tranquil atmosphere.",13272
vintage,"A vintage photography piece showing the coastal cliffs, filled with shadowed atmosphere.",21254
monochrome,"A monochrome photo of the frozen river, rich in texture and tranquil atmosphere.",27620
pastel tone,A pastel tone panoramic capture showing the breathtaking openness of the desert dunes.,4899
portrait,"A cinematic portrait photograph of the hidden waterfall, under shadowed evening light.",21075
architectural,"A architectural visual study of the stormy sea, exploring its shadowed texture and lighting.",3784
natural lighting,A natural lighting panoramic capture showing the ethereal openness of the serene lake.,1657
pastel tone,"A pastel tone inspired shot of the rolling hills, emphasizing texture and dramatic atmosphere.",24963
dreamy,"Captured in dreamy aesthetic, the misty jungle appears golden against the horizon.",3139
fisheye,"Captured in fisheye aesthetic, the stormy sea appears radiant against the horizon.",49677
bokeh,"In bokeh fashion, the desert dunes is shown in icy hues and natural gradients.",22843
fisheye,"A large-format fisheye photo of a melancholic frozen river, realistic lighting and crisp detail.",12408
neon lighting,"Captured in neon lighting aesthetic, the rolling hills appears majestic against the horizon.",44730
architectural,"A architectural landscape scene portraying a moody stormy sea, with cinematic composition.",12348
product,"A product photo of the tropical island, rich in texture and majestic atmosphere.",48947
street photography,"Captured in street photography style, the dense pine forest reveals its crisp charm through subtle lighting.",39734
product,"An artistic product image showing a majestic view of the tropical island, taken at sunrise.",33208
pastel tone,"A carefully composed pastel tone photo of the city skyline, filled with breathtaking tones.",47557
overexposed,"A overexposed inspired shot of the snowy meadow, emphasizing texture and radiant atmosphere.",31455
wide-angle,"A wide-angle image revealing the glowing grandeur of the volcanic crater, subtle yet powerful.",43019
underexposed,"A underexposed image revealing the golden grandeur of the autumn woodland, subtle yet powerful.",467
pastel tone,"A nature photo taken in pastel tone style, highlighting a radiant forest valley with soft shadows.",31913
muted colors,A muted colors view emphasizing tranquil patterns and contrast within the misty jungle.,18639
fisheye,"A fisheye photo of the rocky canyon, rich in texture and melancholic atmosphere.",46519
architectural,"In a architectural mood, this image captures the mist-covered serenity of the serene lake.",28477
fisheye,A fisheye view emphasizing mist-covered patterns and contrast within the rocky canyon.,36237
astrophotography,"A astrophotography photograph showing the volcanic crater, rendered in softly lit clarity.",37309
landscape,"A carefully composed landscape photo of the city skyline, filled with serene tones.",34123
infrared,"A infrared photograph of a melancholic frozen river, emphasizing natural light and balanced tones.",44324
muted colors,"In muted colors style, a detailed shot of a crisp hidden waterfall surrounded by nature.",24452
infrared,A scenic infrared landscape capturing the beauty of the tropical island under ethereal skies.,18686
cinematic,"A cinematic scenic capture portraying a moody sunlit meadow, cinematic framing and tone.",42490
film grain,"Captured in film grain style, the rolling hills reveals its shadowed charm through subtle lighting.",26484
documentary,"A documentary photo of the volcanic crater, rich in texture and golden atmosphere.",24245
cinematic,"In cinematic fashion, the coastal cliffs is shown in glowing hues and natural gradients.",28790
soft focus,"A soft focus visual study of the desert dunes, exploring its luminous texture and lighting.",8600
high saturation,A high saturation panoramic capture showing the ethereal openness of the autumn woodland.,1572
muted colors,A muted colors photo highlighting the radiant emotion of nature seen in the rocky canyon.,46073
wide-angle,"Captured in wide-angle aesthetic, the coral beach appears sun-drenched against the horizon.",30341
HDR,"A HDR landscape taken with radiant precision, showing the ancient ruins in full glory.",5881
infrared,A infrared panoramic capture showing the mist-covered openness of the hidden waterfall.,22985
bokeh,"A bokeh picture of the snowy meadow, taken from a high vantage point showing its melancholic beauty.",23878
soft focus,"A soft focus picture of the dense pine forest, taken from a high vantage point showing its vivid beauty.",40137
film grain,"A film grain image revealing the glowing grandeur of the hidden waterfall, subtle yet powerful.",4327
street photography,"A street photography exploration of the coral beach, revealing glowing forms and light gradients.",377
neon lighting,"A large-format neon lighting photo of a moody stormy sea, realistic lighting and crisp detail.",37960
muted colors,"A muted colors picture of the city skyline, taken from a high vantage point showing its mist-covered beauty.",16303
black-and-white,"A black-and-white photo of the mountain range, rich in texture and mysterious atmosphere.",606
cinematic,A cinematic panoramic capture showing the majestic openness of the desert dunes.,17928
wide-angle,"In wide-angle photography, a shadowed depiction of the volcanic crater during twilight.",30769
telephoto,"A detailed telephoto landscape image of the mountain range, radiating sun-drenched energy and depth.",37760
surreal,"A carefully composed surreal photo of the coral beach, filled with ethereal tones.",4700
fashion,A fashion photograph focusing on the icy interplay between light and the ancient ruins.,9867
documentary,"A documentary nature image of the hidden waterfall, blending ethereal light and composition.",39055
minimalist composition,A minimalist composition photograph of a dense pine forest bathed in serene afternoon light and atmospheric tones.,34968
surreal,"A surreal inspired photograph of the frozen river, composed with melancholic balance and detail.",5313
documentary,"A documentary photography piece showing the forest valley, filled with mist-covered atmosphere.",28322
sepia tone,"A sepia tone landscape scene of a coastal cliffs beneath mysterious clouds, 8k resolution realism.",6598
underexposed,"A detailed underexposed landscape image of the coral beach, radiating melancholic energy and depth.",14216
pastel tone,"A pastel tone photograph of a vivid autumn woodland, emphasizing natural light and balanced tones.",25397
street photography,A street photography photograph of a snowy meadow bathed in majestic afternoon light and atmospheric tones.,44933
macro,"A macro capture of a ethereal misty jungle, rendered in photorealistic lighting.",32047
product,"A product art photograph of the dense pine forest, with glowing framing and luminous tone.",18229
blue hour,"In blue hour style, a detailed shot of a vivid sunlit meadow surrounded by nature.",30617
low light,"A low light inspired photograph of the mountain range, composed with moody balance and detail.",47940
high saturation,"An artistic high saturation image showing a radiant view of the volcanic crater, taken at sunrise.",11010
pastel tone,"A pastel tone fine-art photo illustrating the tropical island, subtle and melancholic.",42628
high saturation,"An artistic high saturation image showing a serene view of the autumn woodland, taken at sunrise.",27136
high saturation,"In a high saturation mood, this image captures the shadowed serenity of the frozen river.",41760
pastel tone,"Captured in pastel tone aesthetic, the mountain range appears tranquil against the horizon.",22886
portrait,A portrait creative landscape photograph featuring the ethereal beauty of the coral beach.,33466
soft focus,"An artistic soft focus image showing a icy view of the desert dunes, taken at sunrise.",17916
telephoto,"A telephoto inspired shot of the snowy meadow, emphasizing texture and icy atmosphere.",9035
overexposed,"A cinematic overexposed photograph of the desert dunes, under sun-drenched evening light.",44535
sepia tone,"A sepia tone nature image of the stormy sea, blending icy light and composition.",23396
high contrast,A high contrast photo series focusing on dramatic landscapes like the hidden waterfall.,39602
sepia tone,"A large-format sepia tone photo of a serene coral beach, realistic lighting and crisp detail.",1634
bokeh,"A bokeh photo of the autumn woodland, rich in texture and softly lit atmosphere.",800
low light,"Captured in low light aesthetic, the hidden waterfall appears sun-drenched against the horizon.",15810
landscape,"A landscape inspired photograph of the ancient ruins, composed with melancholic balance and detail.",4242
sepia tone,"A documentary-style sepia tone image of the dense pine forest, deeply dramatic and realistic.",20465
blue hour,A blue hour view emphasizing softly lit patterns and contrast within the autumn woodland.,14026
neon lighting,A neon lighting frame capturing vivid weather and mood around the city skyline.,29511
studio lighting,"In studio lighting photography, a majestic depiction of the serene lake during twilight.",38162
product,"A product photography piece showing the snowy meadow, filled with golden atmosphere.",47270
minimalist,A minimalist view emphasizing ethereal patterns and contrast within the autumn woodland.,39464
macro,"A finely detailed macro photograph of the tropical island, with mysterious depth and perspective.",47130
natural lighting,"A natural lighting photograph of a majestic ancient ruins, emphasizing natural light and balanced tones.",23451
astrophotography,A astrophotography panoramic capture showing the golden openness of the rocky canyon.,49799
wide-angle,"A wide panoramic wide-angle view of a tranquil frozen river, emphasizing scale and tranquility.",14837
underexposed,"A detailed underexposed landscape image of the ancient ruins, radiating glowing energy and depth.",26625
product,"In a product mood, this image captures the mist-covered serenity of the ancient ruins.",3265
bokeh,A bokeh photograph of a mountain range bathed in serene afternoon light and atmospheric tones.,2039
natural lighting,"In natural lighting fashion, the rolling hills is shown in serene hues and natural gradients.",48064
vintage,"An evocative vintage landscape photograph of the hidden waterfall, balanced and golden.",15883
low light,A low light creative landscape photograph featuring the luminous beauty of the dense pine forest.,15918
pastel tone,"A pastel tone landscape taken with tranquil precision, showing the city skyline in full glory.",13150
minimalist,"A minimalist landscape scene portraying a mysterious serene lake, with cinematic composition.",19136
low light,A low light photograph focusing on the vivid interplay between light and the stormy sea.,39661
cinematic,"A carefully composed cinematic photo of the rolling hills, filled with mysterious tones.",8548
bokeh,A bokeh view emphasizing tranquil patterns and contrast within the city skyline.,24918
bokeh,"A bokeh outdoor shot of a ancient ruins, featuring glowing lighting and natural tones.",1742
overexposed,A overexposed photograph depicting the luminous stillness of the tropical island at dawn.,49598
neon lighting,"A detailed neon lighting landscape image of the volcanic crater, radiating golden energy and depth.",19038
monochrome,"In a monochrome mood, this image captures the crisp serenity of the dense pine forest.",4319
HDR,"A wide panoramic HDR view of a golden rolling hills, emphasizing scale and tranquility.",7419
telephoto,A telephoto photograph of a ancient ruins bathed in sun-drenched afternoon light and atmospheric tones.,42962
pastel tone,"Captured in pastel tone aesthetic, the misty jungle appears glowing against the horizon.",11687
portrait,"A portrait visual study of the autumn woodland, exploring its mysterious texture and lighting.",20958
HDR,"A HDR nature image of the misty jungle, blending mist-covered light and composition.",42335
natural lighting,A natural lighting photo series focusing on glowing landscapes like the forest valley.,17903
blue hour,A blue hour view emphasizing tranquil patterns and contrast within the misty jungle.,2734
infrared,"A infrared capture of a majestic coral beach, rendered in photorealistic lighting.",30512
muted colors,"A muted colors landscape scene of a sunlit meadow beneath golden clouds, 8k resolution realism.",36940
film grain,"A film grain landscape scene of a dense pine forest beneath serene clouds, 8k resolution realism.",48457
product,A product creative landscape photograph featuring the mysterious beauty of the rocky canyon.,21034
HDR,An outdoor HDR photo portraying the coastal cliffs in breathtaking natural tones.,11523
macro,"A macro photo of the serene lake, rich in texture and dramatic atmosphere.",35361
telephoto,"A telephoto art photograph of the stormy sea, with icy framing and luminous tone.",4672
studio lighting,"A studio lighting picture of the frozen river, taken from a high vantage point showing its crisp beauty.",15115
monochrome,"A monochrome nature image of the sunlit meadow, blending moody light and composition.",28496
golden hour,"Captured in golden hour aesthetic, the rocky canyon appears icy against the horizon.",13727
HDR,A HDR view emphasizing glowing patterns and contrast within the sunlit meadow.,10713
golden hour,"A golden hour landscape scene portraying a glowing tropical island, with cinematic composition.",34507
telephoto,"A telephoto image revealing the serene grandeur of the serene lake, subtle yet powerful.",32163
high saturation,A high saturation photograph focusing on the moody interplay between light and the frozen river.,15670
astrophotography,"A astrophotography fine-art photo illustrating the dense pine forest, subtle and shadowed.",38234
fashion,A fashion photograph depicting the mist-covered stillness of the volcanic crater at dawn.,37443
sepia tone,"A sepia tone picture of the coastal cliffs, taken from a high vantage point showing its softly lit beauty.",9713
dreamy,"A dreamy photography piece showing the coral beach, filled with mysterious atmosphere.",39870
black-and-white,"A cinematic black-and-white photograph of the autumn woodland, under icy evening light.",35142
cinematic,"A cinematic photograph of a ethereal city skyline, emphasizing natural light and balanced tones.",16082
blue hour,"A blue hour picture of the dense pine forest, taken from a high vantage point showing its mysterious beauty.",24664
documentary,"A documentary image revealing the golden grandeur of the serene lake, subtle yet powerful.",20647
studio lighting,"A studio lighting photo of the coastal cliffs, rich in texture and melancholic atmosphere.",7097
film grain,"A film grain exploration of the mountain range, revealing icy forms and light gradients.",7673
infrared,"A infrared photograph showing the tropical island, rendered in serene clarity.",4208
surreal,A surreal scenic shot portraying shadowed mountains and the snowy meadow in harmony.,20271
dreamy,"A dreamy capture of a majestic rocky canyon, rendered in photorealistic lighting.",6000
overexposed,"A overexposed fine-art photo illustrating the misty jungle, subtle and serene.",31618
astrophotography,"An artistic astrophotography image showing a vivid view of the coral beach, taken at sunrise.",21327
natural lighting,"An evocative natural lighting landscape photograph of the sunlit meadow, balanced and serene.",477
muted colors,"A cinematic muted colors photograph of the snowy meadow, under moody evening light.",2959
product,"Captured in product style, the hidden waterfall reveals its icy charm through subtle lighting.",27526
long exposure,A long exposure scenic shot portraying radiant mountains and the ancient ruins in harmony.,22696
natural lighting,"A natural lighting photograph of a sun-drenched hidden waterfall, emphasizing natural light and balanced tones.",27170
astrophotography,"A astrophotography photography composition of the snowy meadow, highlighting its mist-covered environment.",4710
cinematic,"A detailed cinematic landscape image of the tropical island, radiating moody energy and depth.",13
street photography,"A street photography photo of the rocky canyon, rich in texture and serene atmosphere.",34589
golden hour,"A golden hour landscape taken with icy precision, showing the dense pine forest in full glory.",16504
soft focus,A soft focus frame capturing icy weather and mood around the tropical island.,22228
telephoto,An outdoor telephoto photo portraying the rolling hills in breathtaking natural tones.,36874
dreamy,A dreamy panoramic capture showing the mist-covered openness of the misty jungle.,32837
low light,"An evocative low light landscape photograph of the rolling hills, balanced and golden.",25312
documentary,"A documentary photography piece showing the city skyline, filled with ethereal atmosphere.",22657
landscape,A landscape scenic shot portraying breathtaking mountains and the dense pine forest in harmony.,29750
high saturation,A high saturation photo highlighting the moody emotion of nature seen in the desert dunes.,24387
muted colors,A muted colors photo series focusing on majestic landscapes like the city skyline.,29659
neon lighting,A neon lighting photo series focusing on serene landscapes like the coral beach.,11709
dreamy,"A large-format dreamy photo of a moody forest valley, realistic lighting and crisp detail.",39080
monochrome,"In monochrome photography, a luminous depiction of the snowy meadow during twilight.",43779
film grain,"A film grain capture of a ethereal misty jungle, rendered in photorealistic lighting.",11241
minimalist composition,"A minimalist composition fine-art photo illustrating the rocky canyon, subtle and breathtaking.",45602
long exposure,"An artistic long exposure image showing a dramatic view of the mountain range, taken at sunrise.",25197
black-and-white,"In black-and-white style, a detailed shot of a softly lit hidden waterfall surrounded by nature.",39536
vintage,A vintage travel photo that captures the icy essence of the misty jungle.,35325
fisheye,"A fisheye capture of a shadowed serene lake, rendered in photorealistic lighting.",37970
muted colors,"A muted colors inspired photograph of the volcanic crater, composed with sun-drenched balance and detail.",46560
overexposed,"A overexposed inspired photograph of the misty jungle, composed with softly lit balance and detail.",17103
macro,"A macro landscape scene portraying a moody volcanic crater, with cinematic composition.",6635
long exposure,"An artistic long exposure image showing a sun-drenched view of the ancient ruins, taken at sunrise.",15885
neon lighting,"A neon lighting scenic capture portraying a serene coral beach, cinematic framing and tone.",36089
wide-angle,"A wide-angle photography composition of the rolling hills, highlighting its majestic environment.",41602
fisheye,A fisheye photograph focusing on the moody interplay between light and the dense pine forest.,9007
landscape,"Captured in landscape aesthetic, the misty jungle appears luminous against the horizon.",23381
documentary,"A documentary scenic capture portraying a luminous tropical island, cinematic framing and tone.",30746
dreamy,A dreamy frame capturing majestic weather and mood around the rolling hills.,27132
astrophotography,A astrophotography view emphasizing dramatic patterns and contrast within the snowy meadow.,14374
studio lighting,A studio lighting photograph depicting the radiant stillness of the rolling hills at dawn.,35461
infrared,"A infrared nature image of the tropical island, blending vivid light and composition.",17583
pastel tone,A pastel tone photograph focusing on the sun-drenched interplay between light and the forest valley.,16357
cinematic,"In cinematic fashion, the rolling hills is shown in icy hues and natural gradients.",20459
cinematic,A cinematic scenic shot portraying mysterious mountains and the ancient ruins in harmony.,1235
sepia tone,A sepia tone photo highlighting the tranquil emotion of nature seen in the coral beach.,49154
long exposure,"Captured in long exposure aesthetic, the coral beach appears shadowed against the horizon.",375
sepia tone,A sepia tone panoramic capture showing the dramatic openness of the autumn woodland.,17695
high contrast,"A high contrast photography composition of the coastal cliffs, highlighting its radiant environment.",35649
wide-angle,A wide-angle creative landscape photograph featuring the vivid beauty of the misty jungle.,5593
neon lighting,"A neon lighting exploration of the hidden waterfall, revealing tranquil forms and light gradients.",27837
bokeh,"A bokeh inspired photograph of the tropical island, composed with glowing balance and detail.",31370
product,A product frame capturing glowing weather and mood around the stormy sea.,27651
high saturation,A high saturation panoramic capture showing the moody openness of the desert dunes.,31706
golden hour,A golden hour panoramic capture showing the vivid openness of the city skyline.,20683
soft focus,"A cinematic soft focus photograph of the autumn woodland, under tranquil evening light.",9737
fashion,"A fashion image revealing the dramatic grandeur of the stormy sea, subtle yet powerful.",32559
golden hour,A golden hour photo series focusing on mysterious landscapes like the hidden waterfall.,23244
long exposure,"Captured in long exposure style, the serene lake reveals its golden charm through subtle lighting.",32434
neon lighting,"A neon lighting capture of a melancholic hidden waterfall, rendered in photorealistic lighting.",10198
documentary,"A documentary photograph of a majestic volcanic crater, emphasizing natural light and balanced tones.",28250
studio lighting,"A studio lighting picture of the autumn woodland, taken from a high vantage point showing its luminous beauty.",38634
surreal,"A surreal fine-art photo illustrating the desert dunes, subtle and mysterious.",30753
vintage,"A vintage exploration of the hidden waterfall, revealing shadowed forms and light gradients.",24436
food,A food view emphasizing ethereal patterns and contrast within the misty jungle.,30410
blue hour,A blue hour panoramic capture showing the melancholic openness of the desert dunes.,34320
high saturation,"A high saturation visual study of the frozen river, exploring its luminous texture and lighting.",35473
muted colors,"In muted colors style, a detailed shot of a shadowed frozen river surrounded by nature.",37091
long exposure,"A long exposure photography piece showing the snowy meadow, filled with serene atmosphere.",12815
vintage,"In a vintage mood, this image captures the mist-covered serenity of the city skyline.",13660
sepia tone,"An artistic sepia tone image showing a glowing view of the coastal cliffs, taken at sunrise.",48405
neon lighting,"A neon lighting landscape scene portraying a glowing volcanic crater, with cinematic composition.",21961
surreal,"A surreal picture of the rocky canyon, taken from a high vantage point showing its glowing beauty.",44210
dreamy,"A cinematic dreamy photograph of the sunlit meadow, under breathtaking evening light.",18035
monochrome,"An evocative monochrome landscape photograph of the hidden waterfall, balanced and vivid.",29317
infrared,"A carefully composed infrared photo of the autumn woodland, filled with majestic tones.",44259
high saturation,"In a high saturation mood, this image captures the moody serenity of the desert dunes.",14949
overexposed,An outdoor overexposed photo portraying the volcanic crater in icy natural tones.,20642
telephoto,"A telephoto photograph showing the mountain range, rendered in breathtaking clarity.",20509
dreamy,A dreamy photograph of a coral beach bathed in crisp afternoon light and atmospheric tones.,15270
high contrast,"A high contrast landscape scene of a desert dunes beneath tranquil clouds, 8k resolution realism.",44468
overexposed,"An artistic overexposed image showing a tranquil view of the autumn woodland, taken at sunrise.",49065
telephoto,"In telephoto photography, a glowing depiction of the rolling hills during twilight.",6208
documentary,"In a documentary mood, this image captures the luminous serenity of the frozen river.",3325
black-and-white,"A black-and-white fine-art photo illustrating the autumn woodland, subtle and mysterious.",36761
neon lighting,"A neon lighting inspired photograph of the mountain range, composed with luminous balance and detail.",22296
product,"In product fashion, the city skyline is shown in vivid hues and natural gradients.",15264
fashion,"A fashion outdoor shot of a hidden waterfall, featuring dramatic lighting and natural tones.",24731
bokeh,"A bokeh capture of a radiant volcanic crater, rendered in photorealistic lighting.",43852
food,"In a food mood, this image captures the glowing serenity of the volcanic crater.",24489
fisheye,"A nature photo taken in fisheye style, highlighting a serene dense pine forest with soft shadows.",21711
muted colors,"A muted colors photo of the rolling hills, rich in texture and breathtaking atmosphere.",15056
documentary,"A documentary photograph showing the city skyline, rendered in majestic clarity.",2600
surreal,"A surreal photography piece showing the volcanic crater, filled with radiant atmosphere.",32291
film grain,"A film grain outdoor shot of a stormy sea, featuring vivid lighting and natural tones.",8381
astrophotography,"A astrophotography inspired photograph of the frozen river, composed with breathtaking balance and detail.",47844
monochrome,A monochrome frame capturing sun-drenched weather and mood around the rolling hills.,3705
long exposure,A long exposure panoramic capture showing the serene openness of the sunlit meadow.,14673
portrait,"A cinematic portrait photograph of the sunlit meadow, under mysterious evening light.",28792
infrared,A infrared creative landscape photograph featuring the melancholic beauty of the coastal cliffs.,3484
landscape,"A landscape picture of the tropical island, taken from a high vantage point showing its mist-covered beauty.",28496
muted colors,"A wide panoramic muted colors view of a shadowed city skyline, emphasizing scale and tranquility.",46131
overexposed,A overexposed photograph depicting the tranquil stillness of the tropical island at dawn.,3393
cinematic,"A cinematic nature image of the volcanic crater, blending crisp light and composition.",49693
portrait,"A portrait inspired photograph of the mountain range, composed with melancholic balance and detail.",27493
HDR,"A finely detailed HDR photograph of the misty jungle, with majestic depth and perspective.",42565
documentary,"A documentary art photograph of the desert dunes, with vivid framing and luminous tone.",33136
overexposed,An outdoor overexposed photo portraying the hidden waterfall in golden natural tones.,27346
blue hour,"In blue hour photography, a shadowed depiction of the tropical island during twilight.",37372
cinematic,"A cinematic visual study of the sunlit meadow, exploring its ethereal texture and lighting.",8382
low light,"Captured in low light aesthetic, the volcanic crater appears mist-covered against the horizon.",41408
high contrast,"A high contrast photograph showing the dense pine forest, rendered in crisp clarity.",9387
minimalist,An outdoor minimalist photo portraying the coral beach in dramatic natural tones.,40379
architectural,A architectural panoramic capture showing the ethereal openness of the ancient ruins.,18635
cinematic,"Captured in cinematic aesthetic, the serene lake appears ethereal against the horizon.",25961
muted colors,A detailed muted colors image illustrating the hidden waterfall with vivid lighting and tone.,3575
blue hour,"A blue hour photography composition of the ancient ruins, highlighting its vivid environment.",42174
minimalist composition,"A minimalist composition inspired shot of the hidden waterfall, emphasizing texture and vivid atmosphere.",18596
infrared,A infrared photograph focusing on the icy interplay between light and the desert dunes.,43363
architectural,"A architectural landscape scene portraying a majestic ancient ruins, with cinematic composition.",34117
underexposed,"A underexposed capture of a softly lit stormy sea, rendered in photorealistic lighting.",24111
low light,"A wide panoramic low light view of a serene dense pine forest, emphasizing scale and tranquility.",19645
HDR,"A HDR nature image of the frozen river, blending glowing light and composition.",9250
pastel tone,"A pastel tone photography piece showing the rolling hills, filled with luminous atmosphere.",22062
high contrast,"An artistic high contrast image showing a icy view of the forest valley, taken at sunrise.",17236
food,"A food picture of the rolling hills, taken from a high vantage point showing its dramatic beauty.",44233
documentary,"A documentary photography composition of the coral beach, highlighting its golden environment.",33885
black-and-white,"A carefully composed black-and-white photo of the snowy meadow, filled with golden tones.",43639
high saturation,"In high saturation fashion, the frozen river is shown in luminous hues and natural gradients.",20884
documentary,"A documentary scenic capture portraying a dramatic rocky canyon, cinematic framing and tone.",25826
neon lighting,"A neon lighting landscape scene portraying a icy frozen river, with cinematic composition.",45954
studio lighting,"A cinematic studio lighting photograph of the frozen river, under crisp evening light.",47738
dreamy,A dreamy panoramic capture showing the ethereal openness of the coastal cliffs.,30511
cinematic,"A cinematic photograph of a majestic coastal cliffs, emphasizing natural light and balanced tones.",25091
film grain,"A film grain photograph of a tranquil serene lake, emphasizing natural light and balanced tones.",26112
fisheye,A fisheye photo series focusing on dramatic landscapes like the mountain range.,158
natural lighting,"A carefully composed natural lighting photo of the sunlit meadow, filled with majestic tones.",6450
neon lighting,"A neon lighting photography composition of the misty jungle, highlighting its vivid environment.",45770
bokeh,"A bokeh capture of a radiant desert dunes, rendered in photorealistic lighting.",3259
vintage,"An artistic vintage image showing a shadowed view of the misty jungle, taken at sunrise.",22938
underexposed,"In a underexposed mood, this image captures the softly lit serenity of the coastal cliffs.",15678
overexposed,A overexposed photo series focusing on radiant landscapes like the misty jungle.,49144
astrophotography,"A astrophotography photography composition of the volcanic crater, highlighting its ethereal environment.",19193
street photography,A street photography frame capturing mysterious weather and mood around the tropical island.,17238
black-and-white,"A nature photo taken in black-and-white style, highlighting a sun-drenched tropical island with soft shadows.",6239
food,A food photograph of a misty jungle bathed in vivid afternoon light and atmospheric tones.,15082
food,"In a food mood, this image captures the serene serenity of the rolling hills.",48343
film grain,"An artistic film grain image showing a crisp view of the coral beach, taken at sunrise.",11937
fisheye,"A fisheye inspired shot of the rocky canyon, emphasizing texture and majestic atmosphere.",31710
natural lighting,"In natural lighting photography, a softly lit depiction of the tropical island during twilight.",19774
infrared,"A documentary-style infrared image of the stormy sea, deeply melancholic and realistic.",33009
neon lighting,A neon lighting photograph focusing on the radiant interplay between light and the ancient ruins.,19149
sepia tone,"A sepia tone exploration of the stormy sea, revealing shadowed forms and light gradients.",44526
bokeh,"A bokeh scenic capture portraying a radiant ancient ruins, cinematic framing and tone.",36811
monochrome,"A monochrome photography piece showing the frozen river, filled with icy atmosphere.",35910
street photography,"A carefully composed street photography photo of the autumn woodland, filled with breathtaking tones.",46832
blue hour,"A documentary-style blue hour image of the serene lake, deeply ethereal and realistic.",38255
soft focus,"An artistic soft focus image showing a softly lit view of the dense pine forest, taken at sunrise.",17396
portrait,"A portrait exploration of the sunlit meadow, revealing mist-covered forms and light gradients.",28652
documentary,A documentary photograph depicting the radiant stillness of the coastal cliffs at dawn.,36199
product,"A detailed product landscape image of the mountain range, radiating vivid energy and depth.",45072
landscape,A landscape panoramic capture showing the glowing openness of the snowy meadow.,35707
high saturation,A high saturation photo highlighting the melancholic emotion of nature seen in the city skyline.,17240
soft focus,"A large-format soft focus photo of a tranquil ancient ruins, realistic lighting and crisp detail.",43790
cinematic,"A wide panoramic cinematic view of a dramatic coastal cliffs, emphasizing scale and tranquility.",3253
telephoto,A telephoto frame capturing vivid weather and mood around the frozen river.,47697
film grain,A film grain photograph of a forest valley bathed in vivid afternoon light and atmospheric tones.,27259
infrared,"In a infrared mood, this image captures the golden serenity of the rolling hills.",36058
infrared,"Captured in infrared style, the serene lake reveals its ethereal charm through subtle lighting.",39502
low light,"In low light fashion, the autumn woodland is shown in melancholic hues and natural gradients.",12196
high saturation,"A high saturation nature image of the coastal cliffs, blending golden light and composition.",1987
soft focus,"A soft focus image revealing the golden grandeur of the coral beach, subtle yet powerful.",31368
vintage,"A vintage inspired photograph of the mountain range, composed with luminous balance and detail.",36034
astrophotography,"A nature photo taken in astrophotography style, highlighting a icy forest valley with soft shadows.",16013
minimalist composition,"A minimalist composition visual study of the ancient ruins, exploring its tranquil texture and lighting.",39671
food,"A wide panoramic food view of a radiant snowy meadow, emphasizing scale and tranquility.",14465
vintage,"In a vintage mood, this image captures the softly lit serenity of the sunlit meadow.",21869
natural lighting,"An evocative natural lighting landscape photograph of the frozen river, balanced and dramatic.",11463
black-and-white,"A black-and-white photograph showing the dense pine forest, rendered in luminous clarity.",989
film grain,"A film grain photograph of a glowing rocky canyon, emphasizing natural light and balanced tones.",32432
surreal,"An artistic surreal image showing a dramatic view of the coral beach, taken at sunrise.",31935
astrophotography,A astrophotography photograph focusing on the tranquil interplay between light and the snowy meadow.,23771
underexposed,"A underexposed picture of the coastal cliffs, taken from a high vantage point showing its crisp beauty.",37241
architectural,"A architectural photo of the rocky canyon, rich in texture and sun-drenched atmosphere.",13608
macro,"A macro outdoor shot of a mountain range, featuring majestic lighting and natural tones.",18001
soft focus,A detailed soft focus image illustrating the desert dunes with shadowed lighting and tone.,10017
underexposed,"In underexposed style, a detailed shot of a majestic volcanic crater surrounded by nature.",42405
soft focus,"In soft focus photography, a crisp depiction of the autumn woodland during twilight.",23368
blue hour,"Captured in blue hour aesthetic, the city skyline appears glowing against the horizon.",44586
cinematic,"A cinematic cinematic photograph of the rolling hills, under dramatic evening light.",7213
minimalist composition,"In a minimalist composition mood, this image captures the majestic serenity of the snowy meadow.",35525
film grain,"In film grain fashion, the city skyline is shown in icy hues and natural gradients.",4765
low light,"In a low light mood, this image captures the dramatic serenity of the forest valley.",47735
high contrast,"A large-format high contrast photo of a glowing autumn woodland, realistic lighting and crisp detail.",41137
cinematic,"A wide panoramic cinematic view of a shadowed hidden waterfall, emphasizing scale and tranquility.",29230
HDR,"A HDR art photograph of the misty jungle, with mist-covered framing and luminous tone.",37189
underexposed,"In underexposed photography, a mist-covered depiction of the forest valley during twilight.",6521
cinematic,A detailed cinematic image illustrating the ancient ruins with dramatic lighting and tone.,28495
wide-angle,"A wide-angle image revealing the mist-covered grandeur of the coral beach, subtle yet powerful.",42041
studio lighting,A studio lighting photograph focusing on the tranquil interplay between light and the volcanic crater.,26925
low light,"A detailed low light landscape image of the stormy sea, radiating glowing energy and depth.",16231
astrophotography,"A astrophotography exploration of the tropical island, revealing majestic forms and light gradients.",27761
vintage,A scenic vintage landscape capturing the beauty of the stormy sea under majestic skies.,1484
neon lighting,"In neon lighting photography, a luminous depiction of the forest valley during twilight.",40902
landscape,"A landscape scenic capture portraying a glowing coastal cliffs, cinematic framing and tone.",18137
underexposed,"A underexposed fine-art photo illustrating the snowy meadow, subtle and dramatic.",32192
minimalist composition,A minimalist composition photograph focusing on the serene interplay between light and the sunlit meadow.,19210
bokeh,"A bokeh nature image of the ancient ruins, blending ethereal light and composition.",38915
film grain,"A film grain image revealing the radiant grandeur of the ancient ruins, subtle yet powerful.",32200
vintage,"Captured in vintage aesthetic, the dense pine forest appears dramatic against the horizon.",38382
sepia tone,"In sepia tone photography, a golden depiction of the forest valley during twilight.",43430
surreal,"A nature photo taken in surreal style, highlighting a glowing rocky canyon with soft shadows.",13587
macro,"A macro photo of the forest valley, rich in texture and mist-covered atmosphere.",455
macro,A macro photograph focusing on the moody interplay between light and the autumn woodland.,37675
macro,"A macro photography piece showing the hidden waterfall, filled with shadowed atmosphere.",18225
natural lighting,A natural lighting travel photo that captures the crisp essence of the desert dunes.,13687
infrared,"A infrared photograph of a glowing rolling hills, emphasizing natural light and balanced tones.",43585
product,"A product photograph showing the coral beach, rendered in moody clarity.",36183
portrait,"A portrait landscape scene portraying a softly lit coral beach, with cinematic composition.",25447
monochrome,A monochrome photo highlighting the icy emotion of nature seen in the frozen river.,15613
cinematic,A cinematic panoramic capture showing the ethereal openness of the misty jungle.,33481
sepia tone,"A sepia tone visual study of the autumn woodland, exploring its dramatic texture and lighting.",47887
high saturation,"A carefully composed high saturation photo of the coastal cliffs, filled with softly lit tones.",24125
golden hour,"A golden hour photography composition of the serene lake, highlighting its tranquil environment.",6291
portrait,A portrait photograph depicting the majestic stillness of the serene lake at dawn.,15033
film grain,"An evocative film grain landscape photograph of the rocky canyon, balanced and luminous.",33387
food,"A cinematic food photograph of the coastal cliffs, under shadowed evening light.",16270
product,"A product exploration of the hidden waterfall, revealing majestic forms and light gradients.",43978
sepia tone,"A sepia tone exploration of the autumn woodland, revealing radiant forms and light gradients.",15415
blue hour,"A nature photo taken in blue hour style, highlighting a golden city skyline with soft shadows.",5470
macro,"An artistic macro image showing a crisp view of the rocky canyon, taken at sunrise.",25601
sepia tone,"A sepia tone photography piece showing the rocky canyon, filled with crisp atmosphere.",30922
portrait,"A portrait nature image of the frozen river, blending melancholic light and composition.",27509
high contrast,"Captured in high contrast style, the sunlit meadow reveals its radiant charm through subtle lighting.",22330
cinematic,A cinematic photograph of a ancient ruins bathed in vivid afternoon light and atmospheric tones.,27972
golden hour,"A wide panoramic golden hour view of a glowing rolling hills, emphasizing scale and tranquility.",31411
documentary,A detailed documentary image illustrating the forest valley with luminous lighting and tone.,13542
minimalist,"A minimalist capture of a mysterious rolling hills, rendered in photorealistic lighting.",45412
blue hour,A blue hour view emphasizing vivid patterns and contrast within the rolling hills.,16965
golden hour,"A golden hour photograph of a glowing desert dunes, emphasizing natural light and balanced tones.",48557
sepia tone,"An evocative sepia tone landscape photograph of the coral beach, balanced and shadowed.",33469
minimalist composition,"A minimalist composition outdoor shot of a serene lake, featuring glowing lighting and natural tones.",20072
documentary,"A documentary visual study of the dense pine forest, exploring its shadowed texture and lighting.",23280
street photography,"A street photography capture of a serene tropical island, rendered in photorealistic lighting.",15794
portrait,A portrait photo series focusing on sun-drenched landscapes like the desert dunes.,15450
macro,"A wide panoramic macro view of a sun-drenched tropical island, emphasizing scale and tranquility.",48910
fashion,"In fashion photography, a moody depiction of the forest valley during twilight.",43985
vintage,A scenic vintage landscape capturing the beauty of the hidden waterfall under icy skies.,35600
documentary,A documentary photograph of a ancient ruins bathed in glowing afternoon light and atmospheric tones.,45168
HDR,"A HDR capture of a tranquil coral beach, rendered in photorealistic lighting.",15714
vintage,An outdoor vintage photo portraying the coastal cliffs in breathtaking natural tones.,28765
pastel tone,A pastel tone frame capturing luminous weather and mood around the coastal cliffs.,42211
muted colors,"In muted colors style, a detailed shot of a mist-covered misty jungle surrounded by nature.",15185
astrophotography,A detailed astrophotography image illustrating the misty jungle with crisp lighting and tone.,5068
documentary,A documentary creative landscape photograph featuring the tranquil beauty of the rocky canyon.,35156
wide-angle,"A wide-angle nature image of the autumn woodland, blending crisp light and composition.",40997
high saturation,"A high saturation landscape scene portraying a golden dense pine forest, with cinematic composition.",17010
vintage,"A cinematic vintage photograph of the forest valley, under glowing evening light.",33452
fisheye,"A fisheye image revealing the shadowed grandeur of the coastal cliffs, subtle yet powerful.",16295
bokeh,"A bokeh photography piece showing the coral beach, filled with tranquil atmosphere.",29721
fisheye,A fisheye photograph depicting the serene stillness of the serene lake at dawn.,26082
vintage,"A vintage landscape scene portraying a radiant snowy meadow, with cinematic composition.",31542
cinematic,A cinematic panoramic capture showing the radiant openness of the rolling hills.,30880
studio lighting,"A detailed studio lighting landscape image of the coral beach, radiating mist-covered energy and depth.",47114
HDR,"A HDR photo of the autumn woodland, rich in texture and crisp atmosphere.",45827
vintage,"A vintage photograph of a moody serene lake, emphasizing natural light and balanced tones.",20944
food,"A large-format food photo of a breathtaking city skyline, realistic lighting and crisp detail.",41413
food,"A food photograph showing the snowy meadow, rendered in golden clarity.",23236
high contrast,A high contrast view emphasizing dramatic patterns and contrast within the forest valley.,12368
street photography,"An evocative street photography landscape photograph of the dense pine forest, balanced and ethereal.",2621
dreamy,A dreamy photo series focusing on mysterious landscapes like the city skyline.,15732
muted colors,"Captured in muted colors style, the hidden waterfall reveals its mist-covered charm through subtle lighting.",4613
architectural,"Captured in architectural style, the city skyline reveals its ethereal charm through subtle lighting.",32714
pastel tone,A pastel tone frame capturing crisp weather and mood around the forest valley.,17433
neon lighting,"A neon lighting scenic capture portraying a serene tropical island, cinematic framing and tone.",29938
fisheye,"An evocative fisheye landscape photograph of the rocky canyon, balanced and radiant.",38851
portrait,A portrait photo series focusing on mist-covered landscapes like the misty jungle.,6304
fisheye,"Captured in fisheye aesthetic, the misty jungle appears mysterious against the horizon.",15733
HDR,"A finely detailed HDR photograph of the autumn woodland, with sun-drenched depth and perspective.",43960
street photography,"In street photography photography, a serene depiction of the rocky canyon during twilight.",12369
telephoto,A telephoto travel photo that captures the shadowed essence of the desert dunes.,34572
low light,"A low light fine-art photo illustrating the serene lake, subtle and moody.",23896
sepia tone,"A sepia tone visual study of the rolling hills, exploring its radiant texture and lighting.",22561
sepia tone,"Captured in sepia tone aesthetic, the forest valley appears mysterious against the horizon.",37995
golden hour,"A golden hour photo of the sunlit meadow, rich in texture and softly lit atmosphere.",48755
long exposure,"In long exposure fashion, the hidden waterfall is shown in icy hues and natural gradients.",35549
astrophotography,An outdoor astrophotography photo portraying the forest valley in tranquil natural tones.,23463
infrared,"Captured in infrared aesthetic, the frozen river appears glowing against the horizon.",47421
black-and-white,"A carefully composed black-and-white photo of the serene lake, filled with glowing tones.",11250
muted colors,A detailed muted colors image illustrating the serene lake with ethereal lighting and tone.,4404
natural lighting,"A natural lighting image revealing the serene grandeur of the dense pine forest, subtle yet powerful.",1935
pastel tone,"In pastel tone style, a detailed shot of a sun-drenched misty jungle surrounded by nature.",8406
high contrast,A high contrast photograph depicting the vivid stillness of the coral beach at dawn.,28510
monochrome,"A monochrome scenic capture portraying a ethereal rocky canyon, cinematic framing and tone.",26380
telephoto,"In a telephoto mood, this image captures the serene serenity of the stormy sea.",49273
portrait,"An evocative portrait landscape photograph of the frozen river, balanced and tranquil.",41490
golden hour,A golden hour photograph of a hidden waterfall bathed in majestic afternoon light and atmospheric tones.,5375
underexposed,A scenic underexposed landscape capturing the beauty of the misty jungle under radiant skies.,22216
fashion,A fashion panoramic capture showing the sun-drenched openness of the sunlit meadow.,25016
documentary,"A carefully composed documentary photo of the volcanic crater, filled with luminous tones.",41592
golden hour,"A documentary-style golden hour image of the serene lake, deeply crisp and realistic.",35450
natural lighting,"A natural lighting inspired shot of the forest valley, emphasizing texture and shadowed atmosphere.",6509
food,"A wide panoramic food view of a serene serene lake, emphasizing scale and tranquility.",42090
pastel tone,"A wide panoramic pastel tone view of a moody rocky canyon, emphasizing scale and tranquility.",34299
long exposure,"A carefully composed long exposure photo of the ancient ruins, filled with luminous tones.",40630
fisheye,"A fisheye picture of the coastal cliffs, taken from a high vantage point showing its radiant beauty.",40199
landscape,"A landscape photograph showing the tropical island, rendered in icy clarity.",25299
low light,A low light photograph focusing on the icy interplay between light and the coral beach.,28595
vintage,"A vintage photograph of a majestic coral beach, emphasizing natural light and balanced tones.",4894
low light,"A cinematic low light photograph of the mountain range, under vivid evening light.",30551
dreamy,"A dreamy inspired photograph of the misty jungle, composed with tranquil balance and detail.",35160
studio lighting,An outdoor studio lighting photo portraying the dense pine forest in mist-covered natural tones.,47556
monochrome,"A monochrome landscape scene portraying a breathtaking coastal cliffs, with cinematic composition.",19992
macro,A macro travel photo that captures the icy essence of the mountain range.,7550
monochrome,"A monochrome exploration of the city skyline, revealing melancholic forms and light gradients.",38175
overexposed,"In overexposed style, a detailed shot of a melancholic dense pine forest surrounded by nature.",40929
surreal,"A finely detailed surreal photograph of the hidden waterfall, with crisp depth and perspective.",21277
golden hour,"In golden hour style, a detailed shot of a vivid hidden waterfall surrounded by nature.",23099
blue hour,"In blue hour style, a detailed shot of a ethereal forest valley surrounded by nature.",45104
soft focus,"A detailed soft focus landscape image of the tropical island, radiating mysterious energy and depth.",2996
astrophotography,"A astrophotography photography piece showing the snowy meadow, filled with icy atmosphere.",35870
cinematic,"A cinematic inspired photograph of the frozen river, composed with glowing balance and detail.",21136
golden hour,"A nature photo taken in golden hour style, highlighting a softly lit serene lake with soft shadows.",40807
film grain,A film grain photo series focusing on tranquil landscapes like the snowy meadow.,37607
overexposed,"Captured in overexposed aesthetic, the desert dunes appears mist-covered against the horizon.",8717
product,"A product photograph of a dramatic serene lake, emphasizing natural light and balanced tones.",17226
wide-angle,"A wide-angle picture of the mountain range, taken from a high vantage point showing its ethereal beauty.",35592
HDR,"A wide panoramic HDR view of a breathtaking hidden waterfall, emphasizing scale and tranquility.",47764
high contrast,"A high contrast inspired photograph of the dense pine forest, composed with tranquil balance and detail.",29534
macro,"In macro fashion, the city skyline is shown in golden hues and natural gradients.",43245
sepia tone,A sepia tone creative landscape photograph featuring the mysterious beauty of the hidden waterfall.,16802
long exposure,"An evocative long exposure landscape photograph of the ancient ruins, balanced and dramatic.",41783
telephoto,"A telephoto inspired shot of the dense pine forest, emphasizing texture and icy atmosphere.",49132
overexposed,"A finely detailed overexposed photograph of the misty jungle, with breathtaking depth and perspective.",43260
fisheye,"A fisheye art photograph of the sunlit meadow, with glowing framing and luminous tone.",143
surreal,A surreal creative landscape photograph featuring the luminous beauty of the coastal cliffs.,27757
high saturation,"An evocative high saturation landscape photograph of the frozen river, balanced and mysterious.",39236
pastel tone,"A detailed pastel tone landscape image of the rolling hills, radiating melancholic energy and depth.",44417
high contrast,"A high contrast landscape scene portraying a tranquil autumn woodland, with cinematic composition.",612
astrophotography,"A astrophotography landscape scene of a sunlit meadow beneath sun-drenched clouds, 8k resolution realism.",17895
natural lighting,"Captured in natural lighting style, the mountain range reveals its vivid charm through subtle lighting.",2074
underexposed,"A underexposed landscape scene of a coastal cliffs beneath vivid clouds, 8k resolution realism.",47219
HDR,"A HDR inspired shot of the misty jungle, emphasizing texture and luminous atmosphere.",37601
landscape,"A detailed landscape landscape image of the dense pine forest, radiating radiant energy and depth.",37666
minimalist composition,A minimalist composition panoramic capture showing the mysterious openness of the rocky canyon.,17779
astrophotography,"A astrophotography capture of a sun-drenched forest valley, rendered in photorealistic lighting.",26239
architectural,"A nature photo taken in architectural style, highlighting a mist-covered snowy meadow with soft shadows.",18634
street photography,"A street photography landscape scene of a snowy meadow beneath sun-drenched clouds, 8k resolution realism.",16052
landscape,"A landscape landscape scene portraying a mist-covered forest valley, with cinematic composition.",40019
sepia tone,"A sepia tone exploration of the rolling hills, revealing serene forms and light gradients.",4433
macro,"A macro fine-art photo illustrating the snowy meadow, subtle and shadowed.",48710
HDR,"A wide panoramic HDR view of a shadowed desert dunes, emphasizing scale and tranquility.",23820
long exposure,"A long exposure landscape scene of a mountain range beneath mist-covered clouds, 8k resolution realism.",15157
dreamy,A dreamy view emphasizing shadowed patterns and contrast within the snowy meadow.,27680
studio lighting,"A carefully composed studio lighting photo of the rocky canyon, filled with radiant tones.",27372
documentary,"In documentary photography, a breathtaking depiction of the misty jungle during twilight.",6461
black-and-white,A black-and-white photograph of a city skyline bathed in majestic afternoon light and atmospheric tones.,31956
street photography,"A documentary-style street photography image of the autumn woodland, deeply mysterious and realistic.",7492
pastel tone,"A finely detailed pastel tone photograph of the stormy sea, with breathtaking depth and perspective.",48624
fashion,An outdoor fashion photo portraying the coral beach in luminous natural tones.,36884
pastel tone,A pastel tone photo series focusing on mist-covered landscapes like the serene lake.,26361
macro,"A macro photo of the frozen river, rich in texture and glowing atmosphere.",22125
overexposed,"A overexposed outdoor shot of a volcanic crater, featuring crisp lighting and natural tones.",44827
dreamy,An outdoor dreamy photo portraying the misty jungle in sun-drenched natural tones.,12634
minimalist,"An evocative minimalist landscape photograph of the rocky canyon, balanced and shadowed.",24781
black-and-white,"In black-and-white photography, a mysterious depiction of the snowy meadow during twilight.",33400
film grain,"A film grain fine-art photo illustrating the coral beach, subtle and mist-covered.",29730
portrait,"A portrait photo of the volcanic crater, rich in texture and mysterious atmosphere.",33937
film grain,A film grain creative landscape photograph featuring the ethereal beauty of the tropical island.,1693
sepia tone,"A carefully composed sepia tone photo of the sunlit meadow, filled with dramatic tones.",422
long exposure,"A long exposure inspired photograph of the serene lake, composed with moody balance and detail.",39226
overexposed,"A finely detailed overexposed photograph of the volcanic crater, with golden depth and perspective.",1075
vintage,A vintage panoramic capture showing the moody openness of the volcanic crater.,35312
overexposed,"A overexposed capture of a serene city skyline, rendered in photorealistic lighting.",35434
film grain,A film grain view emphasizing icy patterns and contrast within the forest valley.,35449
monochrome,"A monochrome picture of the stormy sea, taken from a high vantage point showing its breathtaking beauty.",5555
high saturation,"A high saturation art photograph of the coastal cliffs, with golden framing and luminous tone.",4518
bokeh,"A cinematic bokeh photograph of the sunlit meadow, under melancholic evening light.",40988
pastel tone,"Captured in pastel tone aesthetic, the autumn woodland appears sun-drenched against the horizon.",10270
minimalist,A minimalist panoramic capture showing the dramatic openness of the dense pine forest.,9383
underexposed,"A carefully composed underexposed photo of the autumn woodland, filled with tranquil tones.",41733
low light,"In a low light mood, this image captures the moody serenity of the autumn woodland.",17051
astrophotography,"A finely detailed astrophotography photograph of the rocky canyon, with glowing depth and perspective.",16706
minimalist composition,"A minimalist composition visual study of the stormy sea, exploring its breathtaking texture and lighting.",12137
neon lighting,An outdoor neon lighting photo portraying the coral beach in ethereal natural tones.,23707
low light,"A low light nature image of the misty jungle, blending crisp light and composition.",43346
portrait,A portrait photograph of a dense pine forest bathed in shadowed afternoon light and atmospheric tones.,39279
fisheye,"Captured in fisheye style, the ancient ruins reveals its mist-covered charm through subtle lighting.",32382
natural lighting,A natural lighting view emphasizing softly lit patterns and contrast within the tropical island.,21410
long exposure,A long exposure panoramic capture showing the moody openness of the forest valley.,34129
macro,A macro creative landscape photograph featuring the dramatic beauty of the rocky canyon.,42156
minimalist composition,"In a minimalist composition mood, this image captures the mysterious serenity of the serene lake.",25772
low light,A low light photo series focusing on majestic landscapes like the dense pine forest.,3290
landscape,"A landscape landscape scene of a city skyline beneath radiant clouds, 8k resolution realism.",46529
long exposure,"In long exposure photography, a softly lit depiction of the hidden waterfall during twilight.",38345
sepia tone,"Captured in sepia tone style, the mountain range reveals its tranquil charm through subtle lighting.",41053
landscape,A landscape photo series focusing on majestic landscapes like the desert dunes.,30874
infrared,"A infrared landscape taken with luminous precision, showing the sunlit meadow in full glory.",3700
blue hour,"A blue hour photograph of a softly lit serene lake, emphasizing natural light and balanced tones.",18736
monochrome,"A monochrome photograph showing the snowy meadow, rendered in mysterious clarity.",44521
soft focus,"In a soft focus mood, this image captures the dramatic serenity of the volcanic crater.",27681
black-and-white,"A black-and-white inspired shot of the desert dunes, emphasizing texture and dramatic atmosphere.",38323
wide-angle,A wide-angle scenic shot portraying tranquil mountains and the rolling hills in harmony.,31280
soft focus,"Captured in soft focus aesthetic, the serene lake appears tranquil against the horizon.",42984
underexposed,"Captured in underexposed aesthetic, the volcanic crater appears golden against the horizon.",13586
street photography,A street photography photograph of a mountain range bathed in breathtaking afternoon light and atmospheric tones.,11917
underexposed,"A detailed underexposed landscape image of the sunlit meadow, radiating majestic energy and depth.",32086
monochrome,"A monochrome outdoor shot of a tropical island, featuring moody lighting and natural tones.",13011
landscape,"A landscape photograph showing the autumn woodland, rendered in mysterious clarity.",39148
low light,A low light scenic shot portraying softly lit mountains and the city skyline in harmony.,31814
product,"Captured in product aesthetic, the ancient ruins appears tranquil against the horizon.",19936
surreal,"In surreal style, a detailed shot of a melancholic coastal cliffs surrounded by nature.",5440
long exposure,"Captured in long exposure style, the volcanic crater reveals its majestic charm through subtle lighting.",43581
architectural,"A architectural photography composition of the forest valley, highlighting its majestic environment.",28544
long exposure,"Captured in long exposure aesthetic, the autumn woodland appears tranquil against the horizon.",1935
studio lighting,"A studio lighting visual study of the dense pine forest, exploring its radiant texture and lighting.",16435
astrophotography,"A astrophotography visual study of the city skyline, exploring its luminous texture and lighting.",47631
surreal,"A documentary-style surreal image of the frozen river, deeply vivid and realistic.",21714
overexposed,A overexposed view emphasizing shadowed patterns and contrast within the rocky canyon.,25815
street photography,"A large-format street photography photo of a tranquil misty jungle, realistic lighting and crisp detail.",9490
wide-angle,A wide-angle photograph focusing on the radiant interplay between light and the coastal cliffs.,18243
fashion,A fashion photo series focusing on luminous landscapes like the dense pine forest.,22647
high saturation,"Captured in high saturation aesthetic, the tropical island appears melancholic against the horizon.",32215
fisheye,"A large-format fisheye photo of a mist-covered forest valley, realistic lighting and crisp detail.",29943
long exposure,"A long exposure outdoor shot of a snowy meadow, featuring sun-drenched lighting and natural tones.",33189
sepia tone,"In sepia tone style, a detailed shot of a luminous rolling hills surrounded by nature.",33723
fashion,"A documentary-style fashion image of the misty jungle, deeply sun-drenched and realistic.",22991
film grain,"In film grain photography, a mysterious depiction of the hidden waterfall during twilight.",49293
minimalist,A minimalist panoramic capture showing the luminous openness of the hidden waterfall.,28399
food,"A large-format food photo of a mysterious city skyline, realistic lighting and crisp detail.",35365
macro,"A macro outdoor shot of a hidden waterfall, featuring golden lighting and natural tones.",32162
blue hour,"A blue hour fine-art photo illustrating the serene lake, subtle and glowing.",4695
food,"A food nature image of the rolling hills, blending moody light and composition.",34738
HDR,"Captured in HDR aesthetic, the ancient ruins appears mysterious against the horizon.",49240
overexposed,"A overexposed capture of a luminous city skyline, rendered in photorealistic lighting.",39493
wide-angle,A wide-angle photo series focusing on radiant landscapes like the rocky canyon.,44178
documentary,"A documentary inspired photograph of the snowy meadow, composed with mist-covered balance and detail.",22637
bokeh,"A bokeh image revealing the moody grandeur of the volcanic crater, subtle yet powerful.",26843
pastel tone,"An artistic pastel tone image showing a moody view of the rolling hills, taken at sunrise.",16413
infrared,"A infrared outdoor shot of a rolling hills, featuring mysterious lighting and natural tones.",39669
golden hour,"A golden hour fine-art photo illustrating the desert dunes, subtle and moody.",8471
telephoto,"A carefully composed telephoto photo of the forest valley, filled with mist-covered tones.",41968
high contrast,A scenic high contrast landscape capturing the beauty of the sunlit meadow under mist-covered skies.,27663
fisheye,A fisheye view emphasizing serene patterns and contrast within the hidden waterfall.,20342
street photography,"A detailed street photography landscape image of the frozen river, radiating melancholic energy and depth.",26190
street photography,"A street photography visual study of the frozen river, exploring its luminous texture and lighting.",16799
telephoto,A scenic telephoto landscape capturing the beauty of the coral beach under dramatic skies.,14504
documentary,"In a documentary mood, this image captures the mysterious serenity of the ancient ruins.",6894
black-and-white,"A carefully composed black-and-white photo of the stormy sea, filled with breathtaking tones.",6933
macro,"A macro landscape taken with mist-covered precision, showing the coastal cliffs in full glory.",41578
pastel tone,"A pastel tone visual study of the volcanic crater, exploring its melancholic texture and lighting.",19507
portrait,A portrait photo series focusing on sun-drenched landscapes like the snowy meadow.,32674
street photography,"A street photography landscape taken with softly lit precision, showing the snowy meadow in full glory.",34601
blue hour,"A cinematic blue hour photograph of the snowy meadow, under breathtaking evening light.",2328
street photography,"A street photography photo of the hidden waterfall, rich in texture and sun-drenched atmosphere.",12308
minimalist composition,"A minimalist composition landscape taken with ethereal precision, showing the coral beach in full glory.",5423
low light,"A finely detailed low light photograph of the ancient ruins, with melancholic depth and perspective.",25946
street photography,"Captured in street photography style, the serene lake reveals its tranquil charm through subtle lighting.",23103
architectural,"In a architectural mood, this image captures the majestic serenity of the autumn woodland.",28727
HDR,"An evocative HDR landscape photograph of the tropical island, balanced and moody.",47914
neon lighting,"A finely detailed neon lighting photograph of the volcanic crater, with breathtaking depth and perspective.",2617
studio lighting,An outdoor studio lighting photo portraying the ancient ruins in breathtaking natural tones.,6031
black-and-white,A detailed black-and-white image illustrating the tropical island with luminous lighting and tone.,18878
blue hour,"A blue hour picture of the autumn woodland, taken from a high vantage point showing its dramatic beauty.",7402
neon lighting,"A neon lighting inspired photograph of the city skyline, composed with golden balance and detail.",47560
wide-angle,A wide-angle creative landscape photograph featuring the moody beauty of the serene lake.,27051
portrait,"A portrait visual study of the dense pine forest, exploring its vivid texture and lighting.",24821
sepia tone,"A sepia tone photography composition of the coral beach, highlighting its shadowed environment.",14204
pastel tone,"A pastel tone landscape scene portraying a serene sunlit meadow, with cinematic composition.",12615
black-and-white,"A black-and-white photography composition of the tropical island, highlighting its crisp environment.",30489
high contrast,"A high contrast landscape scene portraying a breathtaking ancient ruins, with cinematic composition.",31874
blue hour,"A blue hour fine-art photo illustrating the misty jungle, subtle and mist-covered.",27239
minimalist composition,"In minimalist composition fashion, the stormy sea is shown in shadowed hues and natural gradients.",9691
portrait,A portrait photograph focusing on the majestic interplay between light and the volcanic crater.,41838
dreamy,"In a dreamy mood, this image captures the breathtaking serenity of the ancient ruins.",30864
documentary,"A large-format documentary photo of a ethereal tropical island, realistic lighting and crisp detail.",15940
food,A food scenic shot portraying softly lit mountains and the rolling hills in harmony.,12866
astrophotography,"A documentary-style astrophotography image of the desert dunes, deeply crisp and realistic.",40272
infrared,"A infrared exploration of the coastal cliffs, revealing crisp forms and light gradients.",11937
sepia tone,A sepia tone travel photo that captures the dramatic essence of the coastal cliffs.,23135
long exposure,"A long exposure photo of the misty jungle, rich in texture and tranquil atmosphere.",40895
telephoto,A telephoto travel photo that captures the ethereal essence of the sunlit meadow.,31618
telephoto,"A telephoto art photograph of the rocky canyon, with vivid framing and luminous tone.",18693
documentary,"In a documentary mood, this image captures the tranquil serenity of the autumn woodland.",48133
neon lighting,"A finely detailed neon lighting photograph of the coral beach, with luminous depth and perspective.",48183
portrait,"A portrait outdoor shot of a rolling hills, featuring moody lighting and natural tones.",39010
monochrome,"A monochrome photograph showing the volcanic crater, rendered in golden clarity.",21667
macro,A macro view emphasizing ethereal patterns and contrast within the volcanic crater.,47817
fisheye,"In a fisheye mood, this image captures the glowing serenity of the volcanic crater.",47372
pastel tone,A pastel tone photograph focusing on the breathtaking interplay between light and the ancient ruins.,26898
studio lighting,"A cinematic studio lighting photograph of the volcanic crater, under icy evening light.",49686
neon lighting,"A neon lighting photograph showing the ancient ruins, rendered in crisp clarity.",20102
wide-angle,An outdoor wide-angle photo portraying the frozen river in mist-covered natural tones.,10390
vintage,"A vintage outdoor shot of a tropical island, featuring serene lighting and natural tones.",8556
low light,"A low light fine-art photo illustrating the volcanic crater, subtle and moody.",28742
monochrome,"A documentary-style monochrome image of the misty jungle, deeply crisp and realistic.",20163
fashion,"A carefully composed fashion photo of the volcanic crater, filled with ethereal tones.",40876
muted colors,"A muted colors photograph of a radiant ancient ruins, emphasizing natural light and balanced tones.",22623
vintage,"A wide panoramic vintage view of a ethereal frozen river, emphasizing scale and tranquility.",6119
wide-angle,A detailed wide-angle image illustrating the dense pine forest with golden lighting and tone.,12705
architectural,"A architectural picture of the sunlit meadow, taken from a high vantage point showing its crisp beauty.",26100
soft focus,"A soft focus photograph of a radiant city skyline, emphasizing natural light and balanced tones.",32359
surreal,"A surreal landscape scene portraying a luminous volcanic crater, with cinematic composition.",36175
black-and-white,"A black-and-white photography piece showing the sunlit meadow, filled with golden atmosphere.",21760
dreamy,"A dreamy scenic capture portraying a serene serene lake, cinematic framing and tone.",14515
muted colors,"A documentary-style muted colors image of the misty jungle, deeply melancholic and realistic.",4990
cinematic,"A cinematic photograph of a mist-covered coastal cliffs, emphasizing natural light and balanced tones.",402
high contrast,A high contrast travel photo that captures the tranquil essence of the misty jungle.,38338
fashion,A fashion creative landscape photograph featuring the ethereal beauty of the snowy meadow.,6015
food,"A food inspired shot of the rolling hills, emphasizing texture and mysterious atmosphere.",47723
minimalist,A minimalist photograph of a dense pine forest bathed in dramatic afternoon light and atmospheric tones.,4639
underexposed,A underexposed photograph focusing on the golden interplay between light and the misty jungle.,19787
minimalist,A minimalist photograph depicting the sun-drenched stillness of the frozen river at dawn.,45459
landscape,"In a landscape mood, this image captures the glowing serenity of the volcanic crater.",13965
soft focus,A soft focus photograph focusing on the mysterious interplay between light and the autumn woodland.,26364
blue hour,"In a blue hour mood, this image captures the vivid serenity of the forest valley.",25631
soft focus,"An evocative soft focus landscape photograph of the sunlit meadow, balanced and softly lit.",4471
overexposed,"A large-format overexposed photo of a mysterious tropical island, realistic lighting and crisp detail.",15333
underexposed,"In a underexposed mood, this image captures the icy serenity of the tropical island.",10529
HDR,A HDR creative landscape photograph featuring the mysterious beauty of the stormy sea.,10448
fisheye,"A fisheye outdoor shot of a autumn woodland, featuring tranquil lighting and natural tones.",37185
dreamy,A dreamy frame capturing breathtaking weather and mood around the serene lake.,13171
neon lighting,"A nature photo taken in neon lighting style, highlighting a golden stormy sea with soft shadows.",29375
vintage,"A vintage photography composition of the sunlit meadow, highlighting its tranquil environment.",18727
muted colors,A muted colors creative landscape photograph featuring the moody beauty of the stormy sea.,29220
vintage,A vintage photograph focusing on the luminous interplay between light and the hidden waterfall.,30374
astrophotography,A astrophotography photograph depicting the serene stillness of the ancient ruins at dawn.,31760
HDR,An outdoor HDR photo portraying the coral beach in shadowed natural tones.,11534
high saturation,A high saturation panoramic capture showing the vivid openness of the mountain range.,43582
bokeh,"A nature photo taken in bokeh style, highlighting a golden serene lake with soft shadows.",13778
muted colors,A muted colors panoramic capture showing the radiant openness of the ancient ruins.,7239
pastel tone,"A pastel tone inspired shot of the dense pine forest, emphasizing texture and mysterious atmosphere.",8788
documentary,"A documentary inspired photograph of the coastal cliffs, composed with icy balance and detail.",30776
neon lighting,"A neon lighting fine-art photo illustrating the serene lake, subtle and ethereal.",5209
long exposure,"Captured in long exposure aesthetic, the desert dunes appears ethereal against the horizon.",23925
underexposed,"A detailed underexposed landscape image of the rocky canyon, radiating shadowed energy and depth.",3363
food,"A food photography composition of the dense pine forest, highlighting its tranquil environment.",32418
HDR,"A HDR scenic capture portraying a glowing stormy sea, cinematic framing and tone.",1506
street photography,A detailed street photography image illustrating the stormy sea with vivid lighting and tone.,2273
neon lighting,"A neon lighting scenic capture portraying a radiant city skyline, cinematic framing and tone.",2337
product,"A product image revealing the tranquil grandeur of the rocky canyon, subtle yet powerful.",27742
macro,"A wide panoramic macro view of a ethereal stormy sea, emphasizing scale and tranquility.",902
HDR,"A HDR capture of a mist-covered coastal cliffs, rendered in photorealistic lighting.",30273
high saturation,"A large-format high saturation photo of a mysterious ancient ruins, realistic lighting and crisp detail.",9460
blue hour,"A blue hour visual study of the coral beach, exploring its radiant texture and lighting.",12191
high saturation,"A high saturation scenic capture portraying a majestic mountain range, cinematic framing and tone.",41235
landscape,"A landscape landscape scene of a desert dunes beneath crisp clouds, 8k resolution realism.",30184
vintage,"A vintage photography composition of the sunlit meadow, highlighting its sun-drenched environment.",36743
architectural,"A architectural exploration of the volcanic crater, revealing luminous forms and light gradients.",6885
surreal,"A surreal landscape taken with majestic precision, showing the coral beach in full glory.",16137
cinematic,A cinematic creative landscape photograph featuring the ethereal beauty of the city skyline.,58
dreamy,"A dreamy scenic capture portraying a luminous stormy sea, cinematic framing and tone.",39653
low light,"A low light photography composition of the dense pine forest, highlighting its luminous environment.",4379
portrait,"A portrait fine-art photo illustrating the forest valley, subtle and ethereal.",35272
infrared,"An evocative infrared landscape photograph of the tropical island, balanced and sun-drenched.",7922
underexposed,"A underexposed landscape taken with moody precision, showing the forest valley in full glory.",34643
overexposed,"A overexposed picture of the dense pine forest, taken from a high vantage point showing its luminous beauty.",30077
low light,"A low light outdoor shot of a volcanic crater, featuring tranquil lighting and natural tones.",22612
high saturation,"A high saturation landscape taken with luminous precision, showing the volcanic crater in full glory.",37158
cinematic,"A carefully composed cinematic photo of the autumn woodland, filled with sun-drenched tones.",47663
black-and-white,"A black-and-white photography composition of the forest valley, highlighting its tranquil environment.",18676
cinematic,"In cinematic style, a detailed shot of a sun-drenched coastal cliffs surrounded by nature.",13896
muted colors,"A muted colors photograph showing the snowy meadow, rendered in crisp clarity.",7500
cinematic,"A cinematic scenic capture portraying a golden autumn woodland, cinematic framing and tone.",47001
underexposed,A underexposed photo series focusing on dramatic landscapes like the coral beach.,19791
pastel tone,A pastel tone photograph depicting the glowing stillness of the mountain range at dawn.,28853
infrared,"A infrared photograph of a serene rolling hills, emphasizing natural light and balanced tones.",10630
soft focus,A soft focus scenic shot portraying radiant mountains and the frozen river in harmony.,31781
underexposed,"A underexposed inspired photograph of the coral beach, composed with dramatic balance and detail.",30394
minimalist,"A detailed minimalist landscape image of the ancient ruins, radiating crisp energy and depth.",9773
telephoto,A telephoto photograph focusing on the melancholic interplay between light and the rolling hills.,31314
high contrast,"In high contrast fashion, the serene lake is shown in luminous hues and natural gradients.",34674
underexposed,"A large-format underexposed photo of a ethereal coral beach, realistic lighting and crisp detail.",11282
infrared,A infrared view emphasizing breathtaking patterns and contrast within the misty jungle.,13972
bokeh,"A nature photo taken in bokeh style, highlighting a majestic volcanic crater with soft shadows.",22315
sepia tone,A sepia tone photograph depicting the mist-covered stillness of the mountain range at dawn.,31918
pastel tone,A pastel tone photograph depicting the glowing stillness of the misty jungle at dawn.,23345
overexposed,A overexposed panoramic capture showing the mist-covered openness of the sunlit meadow.,30817
high saturation,"An artistic high saturation image showing a shadowed view of the city skyline, taken at sunrise.",44520
high contrast,"A high contrast capture of a golden sunlit meadow, rendered in photorealistic lighting.",16983
bokeh,A scenic bokeh landscape capturing the beauty of the hidden waterfall under dramatic skies.,12401
landscape,"A wide panoramic landscape view of a shadowed serene lake, emphasizing scale and tranquility.",36242
wide-angle,A wide-angle photograph of a misty jungle bathed in sun-drenched afternoon light and atmospheric tones.,20889
soft focus,A soft focus travel photo that captures the serene essence of the coastal cliffs.,14306
infrared,A infrared panoramic capture showing the mysterious openness of the serene lake.,15985
overexposed,"A documentary-style overexposed image of the coral beach, deeply glowing and realistic.",38552
HDR,"A documentary-style HDR image of the volcanic crater, deeply ethereal and realistic.",2260
minimalist,"A minimalist scenic capture portraying a vivid coral beach, cinematic framing and tone.",16055
long exposure,"A long exposure exploration of the desert dunes, revealing tranquil forms and light gradients.",31574
blue hour,An outdoor blue hour photo portraying the coastal cliffs in golden natural tones.,15519
astrophotography,"A astrophotography picture of the misty jungle, taken from a high vantage point showing its luminous beauty.",39068
underexposed,"A underexposed fine-art photo illustrating the forest valley, subtle and breathtaking.",16320
fashion,A fashion photo highlighting the majestic emotion of nature seen in the misty jungle.,38674
cinematic,"A cinematic image revealing the icy grandeur of the mountain range, subtle yet powerful.",37339
soft focus,"A large-format soft focus photo of a glowing frozen river, realistic lighting and crisp detail.",21758
studio lighting,"A finely detailed studio lighting photograph of the rolling hills, with golden depth and perspective.",19006
natural lighting,"A detailed natural lighting landscape image of the snowy meadow, radiating mist-covered energy and depth.",4014
muted colors,A muted colors travel photo that captures the luminous essence of the ancient ruins.,17796
telephoto,"A finely detailed telephoto photograph of the forest valley, with mysterious depth and perspective.",1955
macro,"In macro style, a detailed shot of a glowing stormy sea surrounded by nature.",17999
architectural,A architectural scenic shot portraying softly lit mountains and the forest valley in harmony.,39386
infrared,"A finely detailed infrared photograph of the coastal cliffs, with vivid depth and perspective.",6344
minimalist composition,"A minimalist composition landscape taken with shadowed precision, showing the rocky canyon in full glory.",22238
natural lighting,An outdoor natural lighting photo portraying the snowy meadow in serene natural tones.,24349
monochrome,"A monochrome inspired photograph of the tropical island, composed with radiant balance and detail.",39794
monochrome,"A monochrome exploration of the ancient ruins, revealing golden forms and light gradients.",37549
minimalist,A scenic minimalist landscape capturing the beauty of the tropical island under shadowed skies.,1467
blue hour,"Captured in blue hour aesthetic, the city skyline appears ethereal against the horizon.",38064
food,"A food landscape scene of a desert dunes beneath breathtaking clouds, 8k resolution realism.",6012
high contrast,A high contrast panoramic capture showing the icy openness of the coastal cliffs.,849
sepia tone,"In sepia tone photography, a mist-covered depiction of the misty jungle during twilight.",43354
long exposure,"A long exposure photo of the desert dunes, rich in texture and melancholic atmosphere.",442
astrophotography,"A carefully composed astrophotography photo of the frozen river, filled with majestic tones.",18214
natural lighting,A natural lighting creative landscape photograph featuring the breathtaking beauty of the rocky canyon.,15949
sepia tone,A sepia tone frame capturing mysterious weather and mood around the rocky canyon.,30102
vintage,"A detailed vintage landscape image of the sunlit meadow, radiating shadowed energy and depth.",8709
dreamy,"A detailed dreamy landscape image of the tropical island, radiating glowing energy and depth.",9316
documentary,"An evocative documentary landscape photograph of the stormy sea, balanced and moody.",32171
overexposed,"A overexposed image revealing the melancholic grandeur of the hidden waterfall, subtle yet powerful.",32122
high contrast,A high contrast photo series focusing on majestic landscapes like the serene lake.,800
underexposed,"A underexposed landscape taken with melancholic precision, showing the snowy meadow in full glory.",26520
natural lighting,"A natural lighting scenic capture portraying a breathtaking dense pine forest, cinematic framing and tone.",34561
product,"In product style, a detailed shot of a tranquil mountain range surrounded by nature.",9055
telephoto,"A telephoto capture of a serene sunlit meadow, rendered in photorealistic lighting.",6040
astrophotography,"A finely detailed astrophotography photograph of the ancient ruins, with tranquil depth and perspective.",14272
cinematic,A scenic cinematic landscape capturing the beauty of the snowy meadow under melancholic skies.,44004
long exposure,A scenic long exposure landscape capturing the beauty of the desert dunes under mist-covered skies.,37150
vintage,"A vintage landscape scene of a dense pine forest beneath moody clouds, 8k resolution realism.",32116
muted colors,A muted colors creative landscape photograph featuring the sun-drenched beauty of the city skyline.,7018
telephoto,"In a telephoto mood, this image captures the breathtaking serenity of the rolling hills.",8054
natural lighting,"Captured in natural lighting style, the dense pine forest reveals its moody charm through subtle lighting.",11982
sepia tone,"A carefully composed sepia tone photo of the tropical island, filled with shadowed tones.",5063
soft focus,A soft focus photograph of a rocky canyon bathed in radiant afternoon light and atmospheric tones.,34786
high saturation,"A cinematic high saturation photograph of the hidden waterfall, under vivid evening light.",43621
infrared,A detailed infrared image illustrating the forest valley with tranquil lighting and tone.,6242
black-and-white,"A black-and-white image revealing the breathtaking grandeur of the city skyline, subtle yet powerful.",49979
high saturation,"A high saturation fine-art photo illustrating the mountain range, subtle and mysterious.",23798
vintage,"A vintage photo of the coral beach, rich in texture and luminous atmosphere.",42595
minimalist composition,"A nature photo taken in minimalist composition style, highlighting a breathtaking mountain range with soft shadows.",26160
studio lighting,"Captured in studio lighting style, the sunlit meadow reveals its glowing charm through subtle lighting.",30100
blue hour,"A blue hour picture of the serene lake, taken from a high vantage point showing its ethereal beauty.",11444
underexposed,"A underexposed capture of a crisp tropical island, rendered in photorealistic lighting.",8710
black-and-white,"In black-and-white style, a detailed shot of a dramatic city skyline surrounded by nature.",43011
pastel tone,"A cinematic pastel tone photograph of the sunlit meadow, under radiant evening light.",43742
portrait,"Captured in portrait style, the serene lake reveals its moody charm through subtle lighting.",3513
high contrast,"A high contrast landscape scene of a stormy sea beneath ethereal clouds, 8k resolution realism.",21292
vintage,"A vintage visual study of the mountain range, exploring its moody texture and lighting.",27632
pastel tone,A pastel tone photo highlighting the mist-covered emotion of nature seen in the sunlit meadow.,37032
soft focus,A soft focus photograph depicting the radiant stillness of the coral beach at dawn.,20622
portrait,A portrait photograph focusing on the ethereal interplay between light and the rocky canyon.,45473
food,A food photo series focusing on dramatic landscapes like the serene lake.,41596
infrared,"A infrared photography piece showing the desert dunes, filled with tranquil atmosphere.",3166
golden hour,A detailed golden hour image illustrating the forest valley with tranquil lighting and tone.,44628
minimalist composition,"A minimalist composition outdoor shot of a volcanic crater, featuring mist-covered lighting and natural tones.",5438
product,"A product scenic capture portraying a moody frozen river, cinematic framing and tone.",28748
landscape,"A carefully composed landscape photo of the volcanic crater, filled with softly lit tones.",3592
HDR,"A HDR inspired shot of the volcanic crater, emphasizing texture and sun-drenched atmosphere.",15009
cinematic,"An evocative cinematic landscape photograph of the dense pine forest, balanced and crisp.",8400
black-and-white,A black-and-white panoramic capture showing the icy openness of the stormy sea.,9129
film grain,"Captured in film grain aesthetic, the forest valley appears dramatic against the horizon.",27672
surreal,A surreal scenic shot portraying dramatic mountains and the tropical island in harmony.,29581
minimalist,"A nature photo taken in minimalist style, highlighting a luminous sunlit meadow with soft shadows.",47954
overexposed,"Captured in overexposed aesthetic, the mountain range appears serene against the horizon.",24936
architectural,"A architectural nature image of the hidden waterfall, blending dramatic light and composition.",45164
fashion,"A large-format fashion photo of a dramatic volcanic crater, realistic lighting and crisp detail.",11607
HDR,"A HDR nature image of the coastal cliffs, blending glowing light and composition.",20922
HDR,"In HDR photography, a vivid depiction of the sunlit meadow during twilight.",21591
low light,"A low light outdoor shot of a coral beach, featuring breathtaking lighting and natural tones.",1431
wide-angle,"In wide-angle photography, a golden depiction of the hidden waterfall during twilight.",48392
wide-angle,"A wide-angle scenic capture portraying a dramatic mountain range, cinematic framing and tone.",25896
street photography,A street photography photo series focusing on mysterious landscapes like the coastal cliffs.,24313
natural lighting,"A natural lighting nature image of the coral beach, blending breathtaking light and composition.",45012
long exposure,"A long exposure fine-art photo illustrating the snowy meadow, subtle and sun-drenched.",41809
high saturation,"A high saturation landscape taken with serene precision, showing the dense pine forest in full glory.",21431
street photography,A street photography travel photo that captures the ethereal essence of the coastal cliffs.,36160
minimalist,A minimalist frame capturing melancholic weather and mood around the serene lake.,5739
surreal,"A surreal landscape scene portraying a sun-drenched hidden waterfall, with cinematic composition.",49089
monochrome,"Captured in monochrome style, the serene lake reveals its luminous charm through subtle lighting.",5839
architectural,A architectural travel photo that captures the dramatic essence of the ancient ruins.,11761
sepia tone,"A sepia tone inspired shot of the desert dunes, emphasizing texture and moody atmosphere.",38030
monochrome,"Captured in monochrome style, the misty jungle reveals its majestic charm through subtle lighting.",20709
neon lighting,"A neon lighting art photograph of the volcanic crater, with softly lit framing and luminous tone.",49294
blue hour,A blue hour creative landscape photograph featuring the glowing beauty of the mountain range.,42654
landscape,"A landscape fine-art photo illustrating the tropical island, subtle and moody.",39670
high contrast,"A high contrast outdoor shot of a coral beach, featuring dramatic lighting and natural tones.",13678
black-and-white,A black-and-white scenic shot portraying tranquil mountains and the tropical island in harmony.,9198
soft focus,"A soft focus visual study of the volcanic crater, exploring its tranquil texture and lighting.",23034
dreamy,"A dreamy capture of a ethereal frozen river, rendered in photorealistic lighting.",48294
bokeh,"A bokeh photograph of a glowing stormy sea, emphasizing natural light and balanced tones.",40622
bokeh,A bokeh scenic shot portraying tranquil mountains and the ancient ruins in harmony.,552
long exposure,"A cinematic long exposure photograph of the city skyline, under icy evening light.",6076
infrared,"A documentary-style infrared image of the forest valley, deeply tranquil and realistic.",32732
low light,"In low light photography, a shadowed depiction of the mountain range during twilight.",15
golden hour,"A golden hour fine-art photo illustrating the rocky canyon, subtle and shadowed.",8765
underexposed,A underexposed photograph depicting the tranquil stillness of the volcanic crater at dawn.,29569
overexposed,"A overexposed photo of the frozen river, rich in texture and radiant atmosphere.",11032
bokeh,"A bokeh exploration of the snowy meadow, revealing softly lit forms and light gradients.",10689
infrared,"A wide panoramic infrared view of a crisp mountain range, emphasizing scale and tranquility.",35282
blue hour,"An artistic blue hour image showing a shadowed view of the volcanic crater, taken at sunrise.",40670
sepia tone,"A sepia tone photograph of a moody frozen river, emphasizing natural light and balanced tones.",29195
long exposure,"A carefully composed long exposure photo of the tropical island, filled with golden tones.",29753
macro,"A macro landscape scene of a coral beach beneath tranquil clouds, 8k resolution realism.",6359
fashion,"A fashion inspired shot of the volcanic crater, emphasizing texture and tranquil atmosphere.",37757
soft focus,"In soft focus fashion, the dense pine forest is shown in mysterious hues and natural gradients.",30114
vintage,"A detailed vintage landscape image of the hidden waterfall, radiating majestic energy and depth.",22115
architectural,"A architectural inspired shot of the volcanic crater, emphasizing texture and moody atmosphere.",43537
cinematic,An outdoor cinematic photo portraying the stormy sea in glowing natural tones.,19237
landscape,"A landscape visual study of the coral beach, exploring its moody texture and lighting.",1283
pastel tone,A pastel tone scenic shot portraying luminous mountains and the tropical island in harmony.,38563
surreal,"A detailed surreal landscape image of the volcanic crater, radiating icy energy and depth.",3033
natural lighting,"A detailed natural lighting landscape image of the sunlit meadow, radiating melancholic energy and depth.",4910
bokeh,"A bokeh outdoor shot of a coastal cliffs, featuring moody lighting and natural tones.",34694
high saturation,"In high saturation fashion, the coral beach is shown in softly lit hues and natural gradients.",16824
HDR,"A nature photo taken in HDR style, highlighting a dramatic coral beach with soft shadows.",4087
telephoto,"In telephoto style, a detailed shot of a crisp sunlit meadow surrounded by nature.",2110
product,"Captured in product style, the sunlit meadow reveals its dramatic charm through subtle lighting.",6198
black-and-white,"In a black-and-white mood, this image captures the mist-covered serenity of the forest valley.",2244
dreamy,"In a dreamy mood, this image captures the sun-drenched serenity of the dense pine forest.",25354
bokeh,"A bokeh photography composition of the tropical island, highlighting its vivid environment.",47726
golden hour,"A golden hour photography composition of the city skyline, highlighting its sun-drenched environment.",25675
monochrome,A monochrome photograph of a stormy sea bathed in melancholic afternoon light and atmospheric tones.,7761
product,"A product outdoor shot of a desert dunes, featuring dramatic lighting and natural tones.",21138
portrait,A portrait view emphasizing ethereal patterns and contrast within the hidden waterfall.,11061
muted colors,"A muted colors outdoor shot of a rocky canyon, featuring radiant lighting and natural tones.",3849
macro,A scenic macro landscape capturing the beauty of the misty jungle under crisp skies.,10711
architectural,A architectural scenic shot portraying mysterious mountains and the sunlit meadow in harmony.,40928
black-and-white,"A black-and-white exploration of the sunlit meadow, revealing melancholic forms and light gradients.",18361
vintage,"A detailed vintage landscape image of the mountain range, radiating radiant energy and depth.",47299
fashion,A fashion panoramic capture showing the ethereal openness of the dense pine forest.,37079
bokeh,"A bokeh photograph of a shadowed serene lake, emphasizing natural light and balanced tones.",19810
vintage,"A vintage scenic capture portraying a radiant desert dunes, cinematic framing and tone.",19306
long exposure,A long exposure frame capturing icy weather and mood around the city skyline.,19856
HDR,"A finely detailed HDR photograph of the volcanic crater, with mysterious depth and perspective.",41384
neon lighting,"A neon lighting landscape scene of a tropical island beneath golden clouds, 8k resolution realism.",38616
fisheye,A fisheye frame capturing ethereal weather and mood around the snowy meadow.,44760
black-and-white,"A black-and-white fine-art photo illustrating the serene lake, subtle and serene.",32347
sepia tone,"A sepia tone capture of a dramatic sunlit meadow, rendered in photorealistic lighting.",16222
pastel tone,"In pastel tone fashion, the frozen river is shown in melancholic hues and natural gradients.",44132
bokeh,"A bokeh photography piece showing the frozen river, filled with melancholic atmosphere.",47191
overexposed,"A overexposed exploration of the snowy meadow, revealing dramatic forms and light gradients.",44196
pastel tone,"A pastel tone inspired photograph of the stormy sea, composed with mysterious balance and detail.",37241
high contrast,"A high contrast art photograph of the rolling hills, with icy framing and luminous tone.",42338
telephoto,"A telephoto photograph showing the city skyline, rendered in crisp clarity.",31917
street photography,"In street photography photography, a serene depiction of the sunlit meadow during twilight.",38746
architectural,"In a architectural mood, this image captures the breathtaking serenity of the city skyline.",44893
wide-angle,A detailed wide-angle image illustrating the mountain range with crisp lighting and tone.,4540
cinematic,"A cinematic capture of a vivid snowy meadow, rendered in photorealistic lighting.",2629
dreamy,"A cinematic dreamy photograph of the volcanic crater, under serene evening light.",1101
natural lighting,"A documentary-style natural lighting image of the autumn woodland, deeply softly lit and realistic.",40586
telephoto,"A telephoto inspired shot of the misty jungle, emphasizing texture and majestic atmosphere.",38024
food,"Captured in food style, the frozen river reveals its sun-drenched charm through subtle lighting.",3599
long exposure,A long exposure photograph focusing on the mysterious interplay between light and the volcanic crater.,727
landscape,A landscape frame capturing shadowed weather and mood around the stormy sea.,10451
film grain,An outdoor film grain photo portraying the mountain range in crisp natural tones.,30201
product,"A cinematic product photograph of the sunlit meadow, under icy evening light.",21409
wide-angle,"A wide-angle outdoor shot of a rolling hills, featuring serene lighting and natural tones.",35900
fisheye,"An artistic fisheye image showing a ethereal view of the city skyline, taken at sunrise.",18451
high contrast,"A high contrast image revealing the majestic grandeur of the frozen river, subtle yet powerful.",12002
neon lighting,"A neon lighting photo of the tropical island, rich in texture and luminous atmosphere.",9530
film grain,"A film grain fine-art photo illustrating the misty jungle, subtle and mist-covered.",15999
studio lighting,"A carefully composed studio lighting photo of the forest valley, filled with moody tones.",12167
muted colors,"In a muted colors mood, this image captures the melancholic serenity of the sunlit meadow.",29134
muted colors,A muted colors photograph depicting the shadowed stillness of the ancient ruins at dawn.,23222
golden hour,"A large-format golden hour photo of a serene hidden waterfall, realistic lighting and crisp detail.",5635
minimalist,"A minimalist capture of a glowing desert dunes, rendered in photorealistic lighting.",34023
black-and-white,A black-and-white photo highlighting the ethereal emotion of nature seen in the snowy meadow.,35623
HDR,"In HDR photography, a ethereal depiction of the autumn woodland during twilight.",17297
natural lighting,"A natural lighting exploration of the misty jungle, revealing glowing forms and light gradients.",34480
vintage,"A vintage inspired shot of the city skyline, emphasizing texture and softly lit atmosphere.",40247
telephoto,"A documentary-style telephoto image of the volcanic crater, deeply luminous and realistic.",44327
minimalist,"A minimalist exploration of the city skyline, revealing softly lit forms and light gradients.",12923
street photography,A street photography panoramic capture showing the serene openness of the misty jungle.,39896
neon lighting,"A neon lighting scenic capture portraying a vivid snowy meadow, cinematic framing and tone.",46232
HDR,"A HDR inspired shot of the sunlit meadow, emphasizing texture and majestic atmosphere.",15744
sepia tone,"A sepia tone picture of the volcanic crater, taken from a high vantage point showing its ethereal beauty.",25082
portrait,"A portrait scenic capture portraying a vivid snowy meadow, cinematic framing and tone.",40316
astrophotography,"A nature photo taken in astrophotography style, highlighting a mysterious hidden waterfall with soft shadows.",46185
underexposed,"A nature photo taken in underexposed style, highlighting a melancholic hidden waterfall with soft shadows.",33331
blue hour,"A wide panoramic blue hour view of a majestic city skyline, emphasizing scale and tranquility.",30813
studio lighting,"A wide panoramic studio lighting view of a crisp rocky canyon, emphasizing scale and tranquility.",21813
telephoto,"Captured in telephoto aesthetic, the snowy meadow appears luminous against the horizon.",23515
documentary,"A documentary inspired shot of the hidden waterfall, emphasizing texture and moody atmosphere.",28089
long exposure,"Captured in long exposure aesthetic, the misty jungle appears shadowed against the horizon.",21626
studio lighting,"In studio lighting photography, a glowing depiction of the rolling hills during twilight.",46640
bokeh,"A bokeh photograph of a dramatic frozen river, emphasizing natural light and balanced tones.",16456
surreal,"A surreal landscape scene of a mountain range beneath sun-drenched clouds, 8k resolution realism.",22454
landscape,"An evocative landscape landscape photograph of the sunlit meadow, balanced and moody.",1490
studio lighting,A scenic studio lighting landscape capturing the beauty of the city skyline under glowing skies.,9698
sepia tone,"A sepia tone landscape scene of a coastal cliffs beneath majestic clouds, 8k resolution realism.",13064
underexposed,"A underexposed landscape taken with ethereal precision, showing the rocky canyon in full glory.",46451
vintage,A vintage photo series focusing on mysterious landscapes like the ancient ruins.,29538
dreamy,"A cinematic dreamy photograph of the autumn woodland, under golden evening light.",25999
golden hour,"In golden hour fashion, the desert dunes is shown in dramatic hues and natural gradients.",2751
landscape,"A finely detailed landscape photograph of the coastal cliffs, with softly lit depth and perspective.",19508
dreamy,A dreamy photo highlighting the breathtaking emotion of nature seen in the coastal cliffs.,45546
monochrome,"A wide panoramic monochrome view of a glowing desert dunes, emphasizing scale and tranquility.",35808
portrait,"A documentary-style portrait image of the coastal cliffs, deeply moody and realistic.",46571
dreamy,"In dreamy style, a detailed shot of a tranquil desert dunes surrounded by nature.",6209
film grain,"In film grain fashion, the frozen river is shown in icy hues and natural gradients.",47955
sepia tone,"A detailed sepia tone landscape image of the autumn woodland, radiating vivid energy and depth.",29835
long exposure,A scenic long exposure landscape capturing the beauty of the rolling hills under sun-drenched skies.,48663
astrophotography,"A nature photo taken in astrophotography style, highlighting a moody dense pine forest with soft shadows.",17108
blue hour,A blue hour creative landscape photograph featuring the majestic beauty of the desert dunes.,39897
vintage,"An evocative vintage landscape photograph of the rolling hills, balanced and ethereal.",42410
film grain,"A finely detailed film grain photograph of the rolling hills, with mist-covered depth and perspective.",16743
HDR,A HDR travel photo that captures the vivid essence of the rocky canyon.,42564
black-and-white,"A black-and-white scenic capture portraying a glowing hidden waterfall, cinematic framing and tone.",36031
infrared,A scenic infrared landscape capturing the beauty of the coastal cliffs under glowing skies.,34329
fisheye,A fisheye photograph of a city skyline bathed in softly lit afternoon light and atmospheric tones.,14100
golden hour,"A golden hour nature image of the rocky canyon, blending melancholic light and composition.",31159
high contrast,"A wide panoramic high contrast view of a breathtaking volcanic crater, emphasizing scale and tranquility.",4166
black-and-white,A black-and-white panoramic capture showing the dramatic openness of the stormy sea.,48549
overexposed,"A overexposed fine-art photo illustrating the coastal cliffs, subtle and luminous.",18675
minimalist,A scenic minimalist landscape capturing the beauty of the autumn woodland under dramatic skies.,42432
muted colors,"A detailed muted colors landscape image of the autumn woodland, radiating ethereal energy and depth.",19715
bokeh,"A bokeh exploration of the autumn woodland, revealing mist-covered forms and light gradients.",8721
overexposed,A overexposed panoramic capture showing the ethereal openness of the frozen river.,31292
soft focus,"A detailed soft focus landscape image of the serene lake, radiating moody energy and depth.",21282
food,"A food landscape taken with luminous precision, showing the misty jungle in full glory.",20617
high contrast,"A detailed high contrast landscape image of the dense pine forest, radiating vivid energy and depth.",16510
surreal,A surreal frame capturing dramatic weather and mood around the sunlit meadow.,3882
blue hour,A blue hour travel photo that captures the softly lit essence of the frozen river.,9386
astrophotography,A astrophotography photo highlighting the crisp emotion of nature seen in the rolling hills.,10609
HDR,"A HDR landscape scene portraying a dramatic ancient ruins, with cinematic composition.",10368
macro,"A nature photo taken in macro style, highlighting a moody forest valley with soft shadows.",38482
long exposure,"A documentary-style long exposure image of the autumn woodland, deeply sun-drenched and realistic.",35173
studio lighting,A studio lighting photo highlighting the majestic emotion of nature seen in the forest valley.,21523
sepia tone,A sepia tone photograph depicting the breathtaking stillness of the autumn woodland at dawn.,35318
product,"A wide panoramic product view of a luminous mountain range, emphasizing scale and tranquility.",6503
portrait,"A portrait photography piece showing the misty jungle, filled with mysterious atmosphere.",43947
telephoto,A telephoto photograph of a autumn woodland bathed in tranquil afternoon light and atmospheric tones.,38167
blue hour,"A blue hour landscape scene portraying a vivid rolling hills, with cinematic composition.",42903
portrait,A portrait scenic shot portraying radiant mountains and the city skyline in harmony.,33004
low light,"A documentary-style low light image of the forest valley, deeply moody and realistic.",41695
HDR,A HDR frame capturing vivid weather and mood around the dense pine forest.,46977
fisheye,"A fisheye art photograph of the hidden waterfall, with crisp framing and luminous tone.",16897
HDR,"In HDR style, a detailed shot of a breathtaking hidden waterfall surrounded by nature.",38139
black-and-white,A black-and-white scenic shot portraying vivid mountains and the coral beach in harmony.,29584
cinematic,"A cinematic outdoor shot of a autumn woodland, featuring luminous lighting and natural tones.",33241
soft focus,A soft focus scenic shot portraying majestic mountains and the snowy meadow in harmony.,9610
product,"A product picture of the snowy meadow, taken from a high vantage point showing its golden beauty.",43545
dreamy,A dreamy photograph focusing on the tranquil interplay between light and the city skyline.,29576
high saturation,A detailed high saturation image illustrating the stormy sea with sun-drenched lighting and tone.,42086
minimalist,"A nature photo taken in minimalist style, highlighting a dramatic dense pine forest with soft shadows.",4384
minimalist composition,A minimalist composition creative landscape photograph featuring the icy beauty of the coral beach.,27775
infrared,"A infrared landscape scene portraying a icy stormy sea, with cinematic composition.",36079
monochrome,A monochrome creative landscape photograph featuring the shadowed beauty of the hidden waterfall.,6215
blue hour,"An artistic blue hour image showing a crisp view of the ancient ruins, taken at sunrise.",49340
minimalist composition,"A minimalist composition nature image of the ancient ruins, blending tranquil light and composition.",20020
low light,"In low light photography, a golden depiction of the city skyline during twilight.",11270
minimalist,A minimalist photograph focusing on the ethereal interplay between light and the snowy meadow.,35669
golden hour,"A cinematic golden hour photograph of the forest valley, under mist-covered evening light.",10680
surreal,"A surreal art photograph of the mountain range, with tranquil framing and luminous tone.",41431
soft focus,An outdoor soft focus photo portraying the frozen river in majestic natural tones.,10527
street photography,"A carefully composed street photography photo of the coastal cliffs, filled with majestic tones.",42177
HDR,"A carefully composed HDR photo of the mountain range, filled with crisp tones.",3102
underexposed,"A underexposed capture of a dramatic sunlit meadow, rendered in photorealistic lighting.",8135
natural lighting,A scenic natural lighting landscape capturing the beauty of the serene lake under icy skies.,1460
bokeh,A bokeh photograph of a coral beach bathed in melancholic afternoon light and atmospheric tones.,25370
infrared,A infrared photograph of a autumn woodland bathed in mist-covered afternoon light and atmospheric tones.,31049
street photography,"A street photography visual study of the misty jungle, exploring its dramatic texture and lighting.",11864
studio lighting,"A studio lighting photograph of a dramatic snowy meadow, emphasizing natural light and balanced tones.",43124
minimalist composition,"A minimalist composition photograph showing the ancient ruins, rendered in softly lit clarity.",45867
underexposed,"A nature photo taken in underexposed style, highlighting a luminous volcanic crater with soft shadows.",37824
bokeh,A bokeh photo series focusing on mist-covered landscapes like the autumn woodland.,41613
neon lighting,"A neon lighting photography piece showing the dense pine forest, filled with luminous atmosphere.",46899
high contrast,"A carefully composed high contrast photo of the autumn woodland, filled with moody tones.",14695
sepia tone,"A sepia tone exploration of the rocky canyon, revealing shadowed forms and light gradients.",31924
pastel tone,"A detailed pastel tone landscape image of the rocky canyon, radiating mysterious energy and depth.",28259
architectural,"A architectural photography piece showing the tropical island, filled with crisp atmosphere.",16490
product,A product panoramic capture showing the luminous openness of the rocky canyon.,12353
overexposed,A overexposed travel photo that captures the melancholic essence of the rolling hills.,43526
high contrast,A scenic high contrast landscape capturing the beauty of the rolling hills under luminous skies.,34439
wide-angle,"A wide-angle inspired photograph of the dense pine forest, composed with glowing balance and detail.",37550
minimalist composition,"An artistic minimalist composition image showing a vivid view of the tropical island, taken at sunrise.",23227
high contrast,"A high contrast landscape taken with icy precision, showing the rocky canyon in full glory.",9100
food,"A food picture of the coral beach, taken from a high vantage point showing its shadowed beauty.",49053
street photography,A street photography panoramic capture showing the serene openness of the rocky canyon.,49032
minimalist,"In minimalist fashion, the mountain range is shown in luminous hues and natural gradients.",14183
HDR,"In a HDR mood, this image captures the glowing serenity of the sunlit meadow.",46539
soft focus,A scenic soft focus landscape capturing the beauty of the rolling hills under mist-covered skies.,33570
blue hour,"A carefully composed blue hour photo of the desert dunes, filled with softly lit tones.",25003
film grain,"A wide panoramic film grain view of a serene misty jungle, emphasizing scale and tranquility.",22811
street photography,"A street photography inspired shot of the stormy sea, emphasizing texture and vivid atmosphere.",13679
architectural,"An evocative architectural landscape photograph of the snowy meadow, balanced and golden.",29524
neon lighting,"Captured in neon lighting style, the desert dunes reveals its glowing charm through subtle lighting.",6315
pastel tone,"A pastel tone fine-art photo illustrating the sunlit meadow, subtle and vivid.",26371
high contrast,"A high contrast image revealing the melancholic grandeur of the frozen river, subtle yet powerful.",29909
high contrast,"A wide panoramic high contrast view of a crisp misty jungle, emphasizing scale and tranquility.",15769
documentary,"In documentary style, a detailed shot of a sun-drenched coral beach surrounded by nature.",26014
wide-angle,"An evocative wide-angle landscape photograph of the mountain range, balanced and breathtaking.",24572
bokeh,An outdoor bokeh photo portraying the rolling hills in ethereal natural tones.,37213
astrophotography,"An artistic astrophotography image showing a glowing view of the mountain range, taken at sunrise.",39583
high contrast,"A high contrast landscape scene of a mountain range beneath shadowed clouds, 8k resolution realism.",16712
street photography,A street photography photo highlighting the moody emotion of nature seen in the hidden waterfall.,3529
architectural,"In architectural fashion, the serene lake is shown in luminous hues and natural gradients.",27109
pastel tone,A pastel tone view emphasizing crisp patterns and contrast within the stormy sea.,9653
soft focus,"In soft focus photography, a vivid depiction of the tropical island during twilight.",36631
fisheye,"Captured in fisheye aesthetic, the volcanic crater appears moody against the horizon.",10097
wide-angle,"A large-format wide-angle photo of a vivid snowy meadow, realistic lighting and crisp detail.",22751
high contrast,"A high contrast picture of the autumn woodland, taken from a high vantage point showing its luminous beauty.",33440
low light,"In low light fashion, the tropical island is shown in mysterious hues and natural gradients.",16504
infrared,"A infrared inspired shot of the city skyline, emphasizing texture and softly lit atmosphere.",37337
minimalist composition,"A minimalist composition visual study of the forest valley, exploring its sun-drenched texture and lighting.",30175
architectural,"A architectural fine-art photo illustrating the autumn woodland, subtle and moody.",20898
street photography,"A nature photo taken in street photography style, highlighting a golden rocky canyon with soft shadows.",37217
telephoto,"A telephoto landscape taken with golden precision, showing the volcanic crater in full glory.",8489
fisheye,"A fisheye photo of the volcanic crater, rich in texture and icy atmosphere.",200
vintage,"A vintage picture of the volcanic crater, taken from a high vantage point showing its serene beauty.",41456
fashion,"A fashion photo of the desert dunes, rich in texture and majestic atmosphere.",49828
muted colors,A muted colors photograph of a stormy sea bathed in icy afternoon light and atmospheric tones.,13158
high contrast,A high contrast view emphasizing icy patterns and contrast within the rolling hills.,13502
surreal,A surreal photo series focusing on ethereal landscapes like the autumn woodland.,16115
wide-angle,A wide-angle photograph of a mountain range bathed in dramatic afternoon light and atmospheric tones.,34034
food,"A food photo of the rocky canyon, rich in texture and softly lit atmosphere.",23771
product,"A product picture of the serene lake, taken from a high vantage point showing its luminous beauty.",6485
street photography,A street photography view emphasizing serene patterns and contrast within the city skyline.,1654
studio lighting,"A studio lighting photography piece showing the coral beach, filled with icy atmosphere.",35946
long exposure,"A long exposure inspired photograph of the sunlit meadow, composed with ethereal balance and detail.",45822
neon lighting,"A carefully composed neon lighting photo of the hidden waterfall, filled with shadowed tones.",380
product,A detailed product image illustrating the snowy meadow with crisp lighting and tone.,45731
food,A food travel photo that captures the golden essence of the coastal cliffs.,17833
food,"Captured in food aesthetic, the city skyline appears dramatic against the horizon.",40568
portrait,"An artistic portrait image showing a tranquil view of the mountain range, taken at sunrise.",39939
soft focus,"A wide panoramic soft focus view of a sun-drenched volcanic crater, emphasizing scale and tranquility.",10808
fashion,"In fashion photography, a sun-drenched depiction of the tropical island during twilight.",11715
minimalist,"Captured in minimalist aesthetic, the snowy meadow appears luminous against the horizon.",31251
soft focus,A scenic soft focus landscape capturing the beauty of the forest valley under crisp skies.,10838
studio lighting,"A studio lighting photography piece showing the rocky canyon, filled with icy atmosphere.",3484
minimalist,"A minimalist photography composition of the volcanic crater, highlighting its sun-drenched environment.",4787
infrared,A infrared photo series focusing on melancholic landscapes like the frozen river.,4825
high saturation,"A high saturation fine-art photo illustrating the stormy sea, subtle and crisp.",35413
surreal,A surreal photo series focusing on luminous landscapes like the tropical island.,11403
bokeh,"A bokeh scenic capture portraying a ethereal autumn woodland, cinematic framing and tone.",47271
dreamy,"A nature photo taken in dreamy style, highlighting a golden hidden waterfall with soft shadows.",48360
wide-angle,"A finely detailed wide-angle photograph of the ancient ruins, with dramatic depth and perspective.",4768
street photography,"A wide panoramic street photography view of a mist-covered coral beach, emphasizing scale and tranquility.",49801
street photography,"Captured in street photography style, the coral beach reveals its vivid charm through subtle lighting.",34685
underexposed,"A underexposed landscape scene portraying a luminous misty jungle, with cinematic composition.",14885
studio lighting,"A studio lighting inspired shot of the coral beach, emphasizing texture and shadowed atmosphere.",40285
blue hour,A scenic blue hour landscape capturing the beauty of the coastal cliffs under glowing skies.,38439
low light,A low light view emphasizing moody patterns and contrast within the serene lake.,42401
long exposure,An outdoor long exposure photo portraying the desert dunes in icy natural tones.,41293
astrophotography,"A astrophotography photography composition of the mountain range, highlighting its glowing environment.",41293
cinematic,"A detailed cinematic landscape image of the desert dunes, radiating breathtaking energy and depth.",22569
blue hour,"A blue hour landscape scene of a serene lake beneath radiant clouds, 8k resolution realism.",29127
high saturation,"A high saturation capture of a tranquil desert dunes, rendered in photorealistic lighting.",25093
bokeh,"A documentary-style bokeh image of the serene lake, deeply shadowed and realistic.",1410
food,A food photograph depicting the breathtaking stillness of the rocky canyon at dawn.,18073
macro,An outdoor macro photo portraying the tropical island in golden natural tones.,27098
astrophotography,A astrophotography photograph of a misty jungle bathed in golden afternoon light and atmospheric tones.,49951
architectural,A architectural travel photo that captures the icy essence of the autumn woodland.,43002
minimalist,"A wide panoramic minimalist view of a golden misty jungle, emphasizing scale and tranquility.",2451
fashion,"Captured in fashion aesthetic, the mountain range appears glowing against the horizon.",31390
architectural,"A finely detailed architectural photograph of the stormy sea, with ethereal depth and perspective.",21963
underexposed,A underexposed photo series focusing on sun-drenched landscapes like the tropical island.,928
neon lighting,"In neon lighting style, a detailed shot of a icy coral beach surrounded by nature.",4939
HDR,"A large-format HDR photo of a mist-covered frozen river, realistic lighting and crisp detail.",1782
fashion,"A fashion photography piece showing the autumn woodland, filled with crisp atmosphere.",18911
golden hour,"A golden hour fine-art photo illustrating the sunlit meadow, subtle and mist-covered.",36291
black-and-white,A black-and-white creative landscape photograph featuring the luminous beauty of the forest valley.,45899
film grain,A film grain photo highlighting the shadowed emotion of nature seen in the desert dunes.,9096
dreamy,A dreamy panoramic capture showing the crisp openness of the volcanic crater.,19623
product,An outdoor product photo portraying the stormy sea in shadowed natural tones.,40136
vintage,"A vintage photograph showing the rocky canyon, rendered in majestic clarity.",32255
fashion,A fashion scenic shot portraying vivid mountains and the autumn woodland in harmony.,32576
infrared,"In a infrared mood, this image captures the sun-drenched serenity of the sunlit meadow.",49510
high contrast,"A cinematic high contrast photograph of the stormy sea, under sun-drenched evening light.",6357
street photography,"A cinematic street photography photograph of the sunlit meadow, under luminous evening light.",2144
landscape,A landscape creative landscape photograph featuring the golden beauty of the rocky canyon.,11997
documentary,A documentary photograph focusing on the shadowed interplay between light and the coral beach.,31970
street photography,"A street photography photograph showing the ancient ruins, rendered in shadowed clarity.",48576
documentary,"A finely detailed documentary photograph of the volcanic crater, with glowing depth and perspective.",28200
golden hour,"A golden hour inspired photograph of the frozen river, composed with softly lit balance and detail.",45720
minimalist composition,"A minimalist composition nature image of the stormy sea, blending crisp light and composition.",11145
wide-angle,"A wide-angle photography piece showing the mountain range, filled with majestic atmosphere.",23036
sepia tone,"Captured in sepia tone aesthetic, the misty jungle appears mist-covered against the horizon.",11784
low light,"A low light outdoor shot of a desert dunes, featuring serene lighting and natural tones.",26437
dreamy,"A dreamy inspired shot of the coastal cliffs, emphasizing texture and tranquil atmosphere.",3951
minimalist composition,"A minimalist composition image revealing the serene grandeur of the stormy sea, subtle yet powerful.",15222
bokeh,A bokeh photo series focusing on breathtaking landscapes like the frozen river.,8348
black-and-white,"A finely detailed black-and-white photograph of the sunlit meadow, with breathtaking depth and perspective.",26507
minimalist,"A minimalist visual study of the rocky canyon, exploring its serene texture and lighting.",47298
astrophotography,"A wide panoramic astrophotography view of a crisp rolling hills, emphasizing scale and tranquility.",14681
fashion,"A fashion art photograph of the sunlit meadow, with softly lit framing and luminous tone.",1630
neon lighting,"A neon lighting art photograph of the coral beach, with serene framing and luminous tone.",10335
minimalist,"Captured in minimalist style, the mountain range reveals its melancholic charm through subtle lighting.",2796
wide-angle,"In wide-angle photography, a mist-covered depiction of the rolling hills during twilight.",6644
blue hour,"Captured in blue hour style, the rolling hills reveals its crisp charm through subtle lighting.",15050
film grain,"A film grain nature image of the mountain range, blending golden light and composition.",31823
overexposed,"A carefully composed overexposed photo of the autumn woodland, filled with luminous tones.",36323
dreamy,"A wide panoramic dreamy view of a radiant volcanic crater, emphasizing scale and tranquility.",28231
fisheye,"A fisheye capture of a icy coastal cliffs, rendered in photorealistic lighting.",26714
black-and-white,"A finely detailed black-and-white photograph of the tropical island, with ethereal depth and perspective.",42230
bokeh,"A documentary-style bokeh image of the volcanic crater, deeply shadowed and realistic.",35452
bokeh,"A bokeh art photograph of the serene lake, with crisp framing and luminous tone.",10154
minimalist composition,A minimalist composition photo series focusing on tranquil landscapes like the misty jungle.,40893
low light,"A wide panoramic low light view of a majestic forest valley, emphasizing scale and tranquility.",23492
landscape,"A landscape picture of the rocky canyon, taken from a high vantage point showing its mysterious beauty.",17109
black-and-white,"A black-and-white outdoor shot of a city skyline, featuring shadowed lighting and natural tones.",40294
studio lighting,"A studio lighting inspired shot of the rolling hills, emphasizing texture and sun-drenched atmosphere.",18347
macro,"A macro landscape taken with shadowed precision, showing the stormy sea in full glory.",47160
infrared,"A cinematic infrared photograph of the frozen river, under golden evening light.",9731
astrophotography,"A wide panoramic astrophotography view of a melancholic rolling hills, emphasizing scale and tranquility.",45172
product,"A product picture of the misty jungle, taken from a high vantage point showing its melancholic beauty.",3826
film grain,"A film grain photograph of a mysterious dense pine forest, emphasizing natural light and balanced tones.",18491
telephoto,"A telephoto nature image of the autumn woodland, blending crisp light and composition.",13727
sepia tone,"A sepia tone capture of a softly lit forest valley, rendered in photorealistic lighting.",44656
landscape,"A landscape landscape scene portraying a crisp snowy meadow, with cinematic composition.",1166
minimalist composition,A minimalist composition photograph depicting the ethereal stillness of the city skyline at dawn.,6827
landscape,"A landscape landscape taken with vivid precision, showing the city skyline in full glory.",8336
macro,"A macro exploration of the coral beach, revealing majestic forms and light gradients.",21083
product,A product photograph focusing on the vivid interplay between light and the tropical island.,34930
high contrast,A high contrast photo series focusing on moody landscapes like the autumn woodland.,23156
low light,"A carefully composed low light photo of the ancient ruins, filled with vivid tones.",17531
high contrast,"Captured in high contrast style, the autumn woodland reveals its radiant charm through subtle lighting.",43165
portrait,"An evocative portrait landscape photograph of the autumn woodland, balanced and crisp.",1232
fashion,A detailed fashion image illustrating the city skyline with breathtaking lighting and tone.,32287
street photography,"A street photography picture of the ancient ruins, taken from a high vantage point showing its ethereal beauty.",43759
minimalist composition,"Captured in minimalist composition aesthetic, the sunlit meadow appears radiant against the horizon.",28021
HDR,"A large-format HDR photo of a moody mountain range, realistic lighting and crisp detail.",12837
landscape,An outdoor landscape photo portraying the hidden waterfall in dramatic natural tones.,16653
underexposed,A scenic underexposed landscape capturing the beauty of the stormy sea under ethereal skies.,33699
muted colors,A muted colors panoramic capture showing the shadowed openness of the ancient ruins.,1622
product,"A product art photograph of the hidden waterfall, with icy framing and luminous tone.",36346
underexposed,"A underexposed photography piece showing the ancient ruins, filled with tranquil atmosphere.",20795
film grain,"A film grain photograph of a majestic hidden waterfall, emphasizing natural light and balanced tones.",48577
high saturation,"A wide panoramic high saturation view of a icy volcanic crater, emphasizing scale and tranquility.",45324
minimalist,An outdoor minimalist photo portraying the dense pine forest in mysterious natural tones.,49432
landscape,A detailed landscape image illustrating the frozen river with radiant lighting and tone.,1790
food,"A food inspired photograph of the misty jungle, composed with ethereal balance and detail.",20869
underexposed,"A nature photo taken in underexposed style, highlighting a radiant tropical island with soft shadows.",44961
cinematic,"In cinematic fashion, the sunlit meadow is shown in majestic hues and natural gradients.",42866
vintage,A vintage travel photo that captures the moody essence of the autumn woodland.,30208
macro,"Captured in macro aesthetic, the snowy meadow appears majestic against the horizon.",19197
muted colors,"A muted colors nature image of the mountain range, blending melancholic light and composition.",11579
pastel tone,"A wide panoramic pastel tone view of a tranquil desert dunes, emphasizing scale and tranquility.",29354
surreal,"A nature photo taken in surreal style, highlighting a mysterious tropical island with soft shadows.",37270
golden hour,A golden hour photograph focusing on the sun-drenched interplay between light and the serene lake.,32295
studio lighting,A studio lighting photo series focusing on sun-drenched landscapes like the snowy meadow.,11857
surreal,"A surreal photograph of a glowing desert dunes, emphasizing natural light and balanced tones.",42621
wide-angle,"In a wide-angle mood, this image captures the shadowed serenity of the snowy meadow.",47171
wide-angle,"A wide-angle landscape scene of a rocky canyon beneath tranquil clouds, 8k resolution realism.",23859
telephoto,A scenic telephoto landscape capturing the beauty of the rolling hills under melancholic skies.,21463
neon lighting,"A neon lighting scenic capture portraying a breathtaking city skyline, cinematic framing and tone.",3173
sepia tone,"Captured in sepia tone style, the snowy meadow reveals its breathtaking charm through subtle lighting.",41312
monochrome,"In monochrome photography, a crisp depiction of the coral beach during twilight.",6331
cinematic,"A nature photo taken in cinematic style, highlighting a golden sunlit meadow with soft shadows.",47184
cinematic,"A cinematic image revealing the vivid grandeur of the tropical island, subtle yet powerful.",35955
dreamy,A dreamy frame capturing mist-covered weather and mood around the autumn woodland.,14794
minimalist composition,"Captured in minimalist composition aesthetic, the coral beach appears golden against the horizon.",46429
food,"A food landscape scene portraying a luminous city skyline, with cinematic composition.",20208
food,A food photograph depicting the mist-covered stillness of the rocky canyon at dawn.,44994
high saturation,A scenic high saturation landscape capturing the beauty of the rocky canyon under moody skies.,15910
monochrome,"A monochrome exploration of the hidden waterfall, revealing dramatic forms and light gradients.",10782
minimalist composition,A minimalist composition photo series focusing on serene landscapes like the city skyline.,2806
neon lighting,A neon lighting scenic shot portraying melancholic mountains and the dense pine forest in harmony.,5246
surreal,"A surreal photography composition of the misty jungle, highlighting its serene environment.",45392
pastel tone,"In a pastel tone mood, this image captures the softly lit serenity of the dense pine forest.",697
fashion,A fashion travel photo that captures the ethereal essence of the serene lake.,22193
fashion,A fashion creative landscape photograph featuring the radiant beauty of the hidden waterfall.,29301
wide-angle,"A wide-angle inspired photograph of the desert dunes, composed with mysterious balance and detail.",15278
architectural,"Captured in architectural aesthetic, the coastal cliffs appears sun-drenched against the horizon.",17992
studio lighting,"A studio lighting fine-art photo illustrating the coral beach, subtle and vivid.",36668
telephoto,"An evocative telephoto landscape photograph of the ancient ruins, balanced and softly lit.",34151
bokeh,A scenic bokeh landscape capturing the beauty of the ancient ruins under mysterious skies.,18172
minimalist,A minimalist view emphasizing shadowed patterns and contrast within the rocky canyon.,37583
landscape,"A nature photo taken in landscape style, highlighting a vivid city skyline with soft shadows.",4933
film grain,"In film grain photography, a serene depiction of the volcanic crater during twilight.",31629
film grain,"A film grain photography composition of the autumn woodland, highlighting its glowing environment.",26177
muted colors,"A muted colors visual study of the rocky canyon, exploring its serene texture and lighting.",20190
long exposure,A detailed long exposure image illustrating the desert dunes with vivid lighting and tone.,2199
studio lighting,"A studio lighting image revealing the sun-drenched grandeur of the coastal cliffs, subtle yet powerful.",28643
monochrome,"A monochrome nature image of the volcanic crater, blending tranquil light and composition.",23186
minimalist composition,A minimalist composition scenic shot portraying moody mountains and the sunlit meadow in harmony.,1561
portrait,A portrait view emphasizing crisp patterns and contrast within the hidden waterfall.,26301
high saturation,A detailed high saturation image illustrating the autumn woodland with crisp lighting and tone.,33374
minimalist composition,A minimalist composition photo series focusing on melancholic landscapes like the autumn woodland.,5145
telephoto,A telephoto photograph focusing on the vivid interplay between light and the stormy sea.,22486
bokeh,"A bokeh fine-art photo illustrating the coastal cliffs, subtle and glowing.",41200
long exposure,"A large-format long exposure photo of a breathtaking coral beach, realistic lighting and crisp detail.",40163
vintage,"In a vintage mood, this image captures the breathtaking serenity of the coral beach.",34416
product,"A product visual study of the desert dunes, exploring its tranquil texture and lighting.",22372
long exposure,"A long exposure inspired photograph of the desert dunes, composed with serene balance and detail.",21027
sepia tone,"A finely detailed sepia tone photograph of the coral beach, with tranquil depth and perspective.",8755
fisheye,"An evocative fisheye landscape photograph of the tropical island, balanced and icy.",36958
documentary,A documentary creative landscape photograph featuring the moody beauty of the rocky canyon.,31377
macro,"An artistic macro image showing a softly lit view of the coral beach, taken at sunrise.",8656
black-and-white,"In black-and-white fashion, the autumn woodland is shown in sun-drenched hues and natural gradients.",40700
minimalist composition,An outdoor minimalist composition photo portraying the rocky canyon in mist-covered natural tones.,14067
sepia tone,A sepia tone frame capturing softly lit weather and mood around the autumn woodland.,6166
landscape,A landscape photo series focusing on icy landscapes like the rocky canyon.,14214
product,"A wide panoramic product view of a golden coral beach, emphasizing scale and tranquility.",13913
black-and-white,"A black-and-white photography piece showing the volcanic crater, filled with glowing atmosphere.",34446
portrait,"In portrait fashion, the tropical island is shown in vivid hues and natural gradients.",47677
low light,An outdoor low light photo portraying the dense pine forest in softly lit natural tones.,45567
neon lighting,"A carefully composed neon lighting photo of the misty jungle, filled with melancholic tones.",12355
documentary,"A documentary art photograph of the tropical island, with majestic framing and luminous tone.",30508
product,"A product photography composition of the tropical island, highlighting its softly lit environment.",42286
high saturation,"A high saturation inspired shot of the desert dunes, emphasizing texture and golden atmosphere.",22613
bokeh,"A bokeh photography composition of the hidden waterfall, highlighting its luminous environment.",7689
minimalist,"Captured in minimalist aesthetic, the city skyline appears sun-drenched against the horizon.",25468
high contrast,"A high contrast outdoor shot of a misty jungle, featuring sun-drenched lighting and natural tones.",3111
HDR,"Captured in HDR aesthetic, the stormy sea appears mysterious against the horizon.",36465
portrait,A portrait photograph depicting the radiant stillness of the rocky canyon at dawn.,11251
surreal,A surreal view emphasizing majestic patterns and contrast within the volcanic crater.,32608
food,"A food photograph showing the frozen river, rendered in softly lit clarity.",13621
food,An outdoor food photo portraying the mountain range in mysterious natural tones.,31277
architectural,"A architectural photography piece showing the dense pine forest, filled with breathtaking atmosphere.",6840
fisheye,A fisheye scenic shot portraying dramatic mountains and the rocky canyon in harmony.,47055
portrait,A portrait scenic shot portraying serene mountains and the serene lake in harmony.,42350
monochrome,A scenic monochrome landscape capturing the beauty of the rocky canyon under crisp skies.,13697
overexposed,"An artistic overexposed image showing a mist-covered view of the frozen river, taken at sunrise.",48677
minimalist,"A minimalist capture of a golden tropical island, rendered in photorealistic lighting.",24948
landscape,"A landscape photography piece showing the misty jungle, filled with melancholic atmosphere.",16967
overexposed,"An evocative overexposed landscape photograph of the dense pine forest, balanced and icy.",1094
muted colors,"A muted colors landscape scene of a rocky canyon beneath crisp clouds, 8k resolution realism.",468
studio lighting,"A studio lighting landscape scene of a desert dunes beneath golden clouds, 8k resolution realism.",37799
architectural,A architectural photo series focusing on sun-drenched landscapes like the coastal cliffs.,38824
studio lighting,"A studio lighting art photograph of the misty jungle, with softly lit framing and luminous tone.",33390
food,"A food photo of the forest valley, rich in texture and majestic atmosphere.",38119
HDR,A HDR scenic shot portraying tranquil mountains and the coastal cliffs in harmony.,13546
surreal,"In surreal fashion, the serene lake is shown in majestic hues and natural gradients.",47206
natural lighting,"A natural lighting scenic capture portraying a mysterious forest valley, cinematic framing and tone.",7936
muted colors,"A wide panoramic muted colors view of a ethereal misty jungle, emphasizing scale and tranquility.",32657
high contrast,A high contrast view emphasizing luminous patterns and contrast within the tropical island.,33704
architectural,"In architectural photography, a tranquil depiction of the autumn woodland during twilight.",13357
fisheye,"A detailed fisheye landscape image of the stormy sea, radiating majestic energy and depth.",904
sepia tone,"A sepia tone inspired photograph of the tropical island, composed with crisp balance and detail.",45043
low light,"A low light outdoor shot of a dense pine forest, featuring crisp lighting and natural tones.",35211
astrophotography,A astrophotography photograph of a desert dunes bathed in dramatic afternoon light and atmospheric tones.,43687
portrait,"A portrait photograph of a mysterious forest valley, emphasizing natural light and balanced tones.",47662
portrait,"A portrait photograph of a radiant forest valley, emphasizing natural light and balanced tones.",2741
underexposed,"A cinematic underexposed photograph of the snowy meadow, under glowing evening light.",9570
architectural,A architectural frame capturing crisp weather and mood around the mountain range.,29108
high saturation,"A high saturation inspired photograph of the frozen river, composed with mysterious balance and detail.",14843
vintage,A vintage photograph focusing on the majestic interplay between light and the dense pine forest.,6487
wide-angle,"A wide-angle photograph of a breathtaking coral beach, emphasizing natural light and balanced tones.",5029
monochrome,"A monochrome inspired shot of the tropical island, emphasizing texture and vivid atmosphere.",12799
astrophotography,A astrophotography panoramic capture showing the softly lit openness of the autumn woodland.,38695
dreamy,"A dreamy capture of a serene sunlit meadow, rendered in photorealistic lighting.",48095
blue hour,"In a blue hour mood, this image captures the golden serenity of the mountain range.",27008
black-and-white,"A black-and-white art photograph of the mountain range, with serene framing and luminous tone.",13824
long exposure,"A long exposure visual study of the hidden waterfall, exploring its luminous texture and lighting.",38170
blue hour,"In a blue hour mood, this image captures the serene serenity of the frozen river.",47350
macro,"A nature photo taken in macro style, highlighting a dramatic autumn woodland with soft shadows.",17909
surreal,A surreal creative landscape photograph featuring the glowing beauty of the stormy sea.,21865
surreal,"A surreal picture of the forest valley, taken from a high vantage point showing its ethereal beauty.",34314
bokeh,"A detailed bokeh landscape image of the city skyline, radiating melancholic energy and depth.",29096
high saturation,"A high saturation picture of the ancient ruins, taken from a high vantage point showing its mysterious beauty.",33991
astrophotography,A astrophotography photograph depicting the golden stillness of the rolling hills at dawn.,31711
macro,A macro frame capturing mist-covered weather and mood around the coastal cliffs.,10003
cinematic,A cinematic photograph depicting the ethereal stillness of the rocky canyon at dawn.,43306
documentary,"A documentary inspired shot of the misty jungle, emphasizing texture and golden atmosphere.",4984
neon lighting,"A neon lighting image revealing the moody grandeur of the coral beach, subtle yet powerful.",1207
soft focus,"A detailed soft focus landscape image of the coral beach, radiating mist-covered energy and depth.",22507
underexposed,"A nature photo taken in underexposed style, highlighting a serene snowy meadow with soft shadows.",19338
documentary,"A documentary photo of the stormy sea, rich in texture and vivid atmosphere.",13405
minimalist composition,"A minimalist composition landscape scene portraying a glowing hidden waterfall, with cinematic composition.",28001
underexposed,A underexposed photograph depicting the serene stillness of the tropical island at dawn.,16703
HDR,"A HDR picture of the desert dunes, taken from a high vantage point showing its golden beauty.",41546
astrophotography,"A wide panoramic astrophotography view of a sun-drenched coastal cliffs, emphasizing scale and tranquility.",4184
architectural,A architectural photograph of a coral beach bathed in crisp afternoon light and atmospheric tones.,9290
low light,"A low light art photograph of the city skyline, with serene framing and luminous tone.",48350
high saturation,"A high saturation picture of the forest valley, taken from a high vantage point showing its mysterious beauty.",20610
muted colors,"A muted colors image revealing the tranquil grandeur of the mountain range, subtle yet powerful.",7534
blue hour,A blue hour view emphasizing radiant patterns and contrast within the stormy sea.,13566
telephoto,"A cinematic telephoto photograph of the coastal cliffs, under mist-covered evening light.",9354
sepia tone,"A sepia tone nature image of the frozen river, blending softly lit light and composition.",5133
low light,"In low light style, a detailed shot of a breathtaking mountain range surrounded by nature.",35189
minimalist composition,"An evocative minimalist composition landscape photograph of the coral beach, balanced and shadowed.",46193
muted colors,"A muted colors landscape taken with glowing precision, showing the autumn woodland in full glory.",45621
food,"A food picture of the rocky canyon, taken from a high vantage point showing its ethereal beauty.",3776
soft focus,"A soft focus landscape taken with luminous precision, showing the misty jungle in full glory.",19893
bokeh,A bokeh photograph depicting the icy stillness of the autumn woodland at dawn.,45509
street photography,"A street photography nature image of the stormy sea, blending majestic light and composition.",14660
minimalist composition,A minimalist composition view emphasizing majestic patterns and contrast within the coral beach.,37429
infrared,"A infrared landscape taken with mysterious precision, showing the misty jungle in full glory.",39200
underexposed,An outdoor underexposed photo portraying the mountain range in radiant natural tones.,35087
architectural,"A architectural photo of the sunlit meadow, rich in texture and mysterious atmosphere.",14402
infrared,A detailed infrared image illustrating the snowy meadow with luminous lighting and tone.,33519
documentary,A documentary photo highlighting the mysterious emotion of nature seen in the snowy meadow.,45579
fisheye,"Captured in fisheye aesthetic, the frozen river appears tranquil against the horizon.",31861
natural lighting,A natural lighting frame capturing ethereal weather and mood around the rolling hills.,36000
cinematic,A scenic cinematic landscape capturing the beauty of the tropical island under icy skies.,38379
overexposed,"A overexposed landscape scene of a frozen river beneath radiant clouds, 8k resolution realism.",26035
cinematic,"In cinematic photography, a breathtaking depiction of the city skyline during twilight.",24194
wide-angle,A wide-angle photo highlighting the shadowed emotion of nature seen in the forest valley.,5120
fashion,"Captured in fashion style, the tropical island reveals its ethereal charm through subtle lighting.",19957
black-and-white,A black-and-white photo series focusing on glowing landscapes like the desert dunes.,36564
astrophotography,"In astrophotography fashion, the desert dunes is shown in mist-covered hues and natural gradients.",46585
food,A food photo highlighting the glowing emotion of nature seen in the misty jungle.,20198
portrait,A portrait photo series focusing on radiant landscapes like the dense pine forest.,20518
pastel tone,"A pastel tone photo of the rocky canyon, rich in texture and vivid atmosphere.",35440
vintage,"A vintage inspired photograph of the volcanic crater, composed with ethereal balance and detail.",3195
blue hour,A blue hour creative landscape photograph featuring the glowing beauty of the coral beach.,13372
fisheye,"In fisheye photography, a melancholic depiction of the coral beach during twilight.",15202
film grain,An outdoor film grain photo portraying the ancient ruins in shadowed natural tones.,33373
minimalist,A minimalist photo series focusing on majestic landscapes like the tropical island.,41982
soft focus,"An artistic soft focus image showing a sun-drenched view of the rocky canyon, taken at sunrise.",45047
wide-angle,A wide-angle photograph focusing on the mysterious interplay between light and the mountain range.,35308
cinematic,"A wide panoramic cinematic view of a vivid hidden waterfall, emphasizing scale and tranquility.",14983
dreamy,"A dreamy art photograph of the forest valley, with mist-covered framing and luminous tone.",38819
black-and-white,"Captured in black-and-white aesthetic, the hidden waterfall appears tranquil against the horizon.",24593
minimalist composition,"A wide panoramic minimalist composition view of a melancholic coral beach, emphasizing scale and tranquility.",14409
film grain,"A film grain exploration of the rocky canyon, revealing ethereal forms and light gradients.",13629
food,"A food landscape taken with dramatic precision, showing the dense pine forest in full glory.",38697
black-and-white,"An artistic black-and-white image showing a radiant view of the tropical island, taken at sunrise.",26921
product,"A product nature image of the serene lake, blending softly lit light and composition.",22225
underexposed,A underexposed frame capturing breathtaking weather and mood around the stormy sea.,5489
minimalist composition,"A minimalist composition photograph showing the snowy meadow, rendered in majestic clarity.",19755
low light,"A low light inspired photograph of the autumn woodland, composed with mysterious balance and detail.",40748
astrophotography,A astrophotography photograph focusing on the ethereal interplay between light and the snowy meadow.,11554
surreal,"A surreal photograph of a melancholic desert dunes, emphasizing natural light and balanced tones.",40588
product,A scenic product landscape capturing the beauty of the ancient ruins under radiant skies.,11268
food,"A wide panoramic food view of a dramatic city skyline, emphasizing scale and tranquility.",40522
natural lighting,A natural lighting photograph of a stormy sea bathed in mysterious afternoon light and atmospheric tones.,13193
surreal,"In a surreal mood, this image captures the dramatic serenity of the desert dunes.",45111
low light,"A low light inspired shot of the hidden waterfall, emphasizing texture and vivid atmosphere.",37689
long exposure,"A long exposure exploration of the ancient ruins, revealing shadowed forms and light gradients.",8109
cinematic,"Captured in cinematic style, the coastal cliffs reveals its melancholic charm through subtle lighting.",36183
bokeh,A bokeh photo series focusing on softly lit landscapes like the forest valley.,14892
macro,"A macro exploration of the serene lake, revealing melancholic forms and light gradients.",31546
cinematic,"A documentary-style cinematic image of the misty jungle, deeply mysterious and realistic.",20911
dreamy,"A dreamy exploration of the autumn woodland, revealing radiant forms and light gradients.",33261
monochrome,"Captured in monochrome aesthetic, the sunlit meadow appears crisp against the horizon.",26735
underexposed,An outdoor underexposed photo portraying the sunlit meadow in mist-covered natural tones.,29264
pastel tone,A detailed pastel tone image illustrating the rocky canyon with radiant lighting and tone.,30194
wide-angle,A scenic wide-angle landscape capturing the beauty of the stormy sea under golden skies.,42430
golden hour,"A golden hour nature image of the rolling hills, blending majestic light and composition.",27817
street photography,"A street photography landscape taken with serene precision, showing the rolling hills in full glory.",47132
high saturation,"A large-format high saturation photo of a mysterious rolling hills, realistic lighting and crisp detail.",39055
product,"A carefully composed product photo of the forest valley, filled with radiant tones.",32502
documentary,A documentary panoramic capture showing the icy openness of the coastal cliffs.,49597
dreamy,A dreamy view emphasizing sun-drenched patterns and contrast within the city skyline.,27341
low light,"A low light scenic capture portraying a mist-covered rocky canyon, cinematic framing and tone.",43607
infrared,"In infrared style, a detailed shot of a breathtaking rolling hills surrounded by nature.",995
monochrome,"A monochrome visual study of the hidden waterfall, exploring its softly lit texture and lighting.",38209
soft focus,A soft focus photograph of a frozen river bathed in ethereal afternoon light and atmospheric tones.,29521
cinematic,"A cinematic inspired photograph of the desert dunes, composed with icy balance and detail.",6418
landscape,"A landscape scenic capture portraying a majestic misty jungle, cinematic framing and tone.",6619
high contrast,"A carefully composed high contrast photo of the autumn woodland, filled with icy tones.",2801
muted colors,"A muted colors outdoor shot of a forest valley, featuring icy lighting and natural tones.",47602
film grain,"A nature photo taken in film grain style, highlighting a serene dense pine forest with soft shadows.",32882
neon lighting,"A neon lighting photograph of a melancholic desert dunes, emphasizing natural light and balanced tones.",19775
golden hour,"In golden hour style, a detailed shot of a majestic city skyline surrounded by nature.",20885
natural lighting,"A cinematic natural lighting photograph of the dense pine forest, under crisp evening light.",10535
macro,"In a macro mood, this image captures the majestic serenity of the desert dunes.",15047
monochrome,A scenic monochrome landscape capturing the beauty of the city skyline under serene skies.,11425
black-and-white,A black-and-white scenic shot portraying breathtaking mountains and the forest valley in harmony.,4359
architectural,"A architectural landscape scene portraying a mysterious misty jungle, with cinematic composition.",42543
telephoto,A telephoto view emphasizing crisp patterns and contrast within the coastal cliffs.,2075
documentary,"A nature photo taken in documentary style, highlighting a golden rolling hills with soft shadows.",43277
low light,"A low light photography composition of the coastal cliffs, highlighting its vivid environment.",30598
monochrome,"In a monochrome mood, this image captures the glowing serenity of the autumn woodland.",41085
pastel tone,"A pastel tone image revealing the majestic grandeur of the misty jungle, subtle yet powerful.",22003
cinematic,"A cinematic inspired shot of the snowy meadow, emphasizing texture and vivid atmosphere.",24280
architectural,"In architectural style, a detailed shot of a icy sunlit meadow surrounded by nature.",3714
monochrome,"A monochrome visual study of the dense pine forest, exploring its icy texture and lighting.",28273
minimalist,A minimalist view emphasizing breathtaking patterns and contrast within the mountain range.,45124
landscape,"In landscape style, a detailed shot of a tranquil autumn woodland surrounded by nature.",6288
black-and-white,"A black-and-white photography composition of the rolling hills, highlighting its softly lit environment.",11084
portrait,"In a portrait mood, this image captures the mysterious serenity of the coral beach.",2936
HDR,"A HDR outdoor shot of a serene lake, featuring dramatic lighting and natural tones.",30347
bokeh,"Captured in bokeh style, the tropical island reveals its melancholic charm through subtle lighting.",39739
muted colors,"A muted colors nature image of the coastal cliffs, blending breathtaking light and composition.",17701
macro,"Captured in macro aesthetic, the sunlit meadow appears luminous against the horizon.",20393
product,"Captured in product style, the ancient ruins reveals its dramatic charm through subtle lighting.",18268
architectural,"A architectural photograph showing the hidden waterfall, rendered in ethereal clarity.",48473
golden hour,"In golden hour fashion, the serene lake is shown in golden hues and natural gradients.",30895
street photography,"A street photography photograph showing the snowy meadow, rendered in radiant clarity.",44267
high contrast,"In high contrast style, a detailed shot of a tranquil misty jungle surrounded by nature.",968
monochrome,"A monochrome photography composition of the sunlit meadow, highlighting its breathtaking environment.",43629
surreal,"A surreal photography composition of the desert dunes, highlighting its tranquil environment.",28570
landscape,A landscape photograph focusing on the shadowed interplay between light and the city skyline.,38962
vintage,"Captured in vintage aesthetic, the frozen river appears moody against the horizon.",6450
underexposed,A underexposed photograph focusing on the mist-covered interplay between light and the stormy sea.,40448
minimalist,"A finely detailed minimalist photograph of the misty jungle, with moody depth and perspective.",13068
astrophotography,"A astrophotography capture of a mysterious tropical island, rendered in photorealistic lighting.",14844
neon lighting,"A documentary-style neon lighting image of the mountain range, deeply glowing and realistic.",19693
macro,"Captured in macro aesthetic, the city skyline appears luminous against the horizon.",11798
minimalist,"A carefully composed minimalist photo of the snowy meadow, filled with radiant tones.",7754
film grain,"A film grain scenic capture portraying a majestic rocky canyon, cinematic framing and tone.",46760
muted colors,"A carefully composed muted colors photo of the rolling hills, filled with golden tones.",39130
muted colors,"A cinematic muted colors photograph of the ancient ruins, under vivid evening light.",49951
soft focus,A scenic soft focus landscape capturing the beauty of the city skyline under luminous skies.,22709
food,"An artistic food image showing a luminous view of the volcanic crater, taken at sunrise.",13574
street photography,"A street photography scenic capture portraying a melancholic snowy meadow, cinematic framing and tone.",48141
high contrast,"A high contrast inspired photograph of the volcanic crater, composed with melancholic balance and detail.",29635
studio lighting,"A finely detailed studio lighting photograph of the hidden waterfall, with dramatic depth and perspective.",29918
overexposed,A scenic overexposed landscape capturing the beauty of the hidden waterfall under serene skies.,16816
surreal,A surreal photograph depicting the vivid stillness of the frozen river at dawn.,30486
soft focus,A soft focus creative landscape photograph featuring the vivid beauty of the forest valley.,23251
telephoto,"Captured in telephoto aesthetic, the hidden waterfall appears dramatic against the horizon.",22863
studio lighting,"Captured in studio lighting aesthetic, the tropical island appears dramatic against the horizon.",41597
fashion,"A fashion landscape scene portraying a glowing rocky canyon, with cinematic composition.",6109
neon lighting,"A neon lighting image revealing the mysterious grandeur of the misty jungle, subtle yet powerful.",401
black-and-white,"A black-and-white visual study of the volcanic crater, exploring its sun-drenched texture and lighting.",2739
architectural,"Captured in architectural aesthetic, the volcanic crater appears luminous against the horizon.",7702
astrophotography,"A cinematic astrophotography photograph of the coastal cliffs, under tranquil evening light.",31666
high contrast,"A high contrast landscape scene portraying a radiant serene lake, with cinematic composition.",33206
low light,"A low light capture of a glowing city skyline, rendered in photorealistic lighting.",20758
soft focus,A detailed soft focus image illustrating the snowy meadow with moody lighting and tone.,11531
infrared,"A infrared capture of a breathtaking serene lake, rendered in photorealistic lighting.",25864
macro,"In macro style, a detailed shot of a majestic hidden waterfall surrounded by nature.",34929
fisheye,A fisheye travel photo that captures the shadowed essence of the coastal cliffs.,24373
sepia tone,"Captured in sepia tone style, the coastal cliffs reveals its dramatic charm through subtle lighting.",40529
golden hour,"In golden hour photography, a moody depiction of the coastal cliffs during twilight.",10676
dreamy,A detailed dreamy image illustrating the coral beach with radiant lighting and tone.,35438
sepia tone,"In a sepia tone mood, this image captures the mist-covered serenity of the hidden waterfall.",32057
infrared,"A infrared nature image of the coral beach, blending moody light and composition.",44346
muted colors,"A muted colors capture of a vivid ancient ruins, rendered in photorealistic lighting.",23402
film grain,"A film grain exploration of the tropical island, revealing shadowed forms and light gradients.",32580
natural lighting,"A detailed natural lighting landscape image of the tropical island, radiating moody energy and depth.",28296
underexposed,"In underexposed photography, a melancholic depiction of the tropical island during twilight.",9548
food,"A food image revealing the moody grandeur of the city skyline, subtle yet powerful.",21240
muted colors,"In muted colors photography, a dramatic depiction of the city skyline during twilight.",38588
minimalist composition,A detailed minimalist composition image illustrating the coastal cliffs with glowing lighting and tone.,19674
food,"A food photograph of a icy autumn woodland, emphasizing natural light and balanced tones.",35966
monochrome,"A wide panoramic monochrome view of a radiant snowy meadow, emphasizing scale and tranquility.",19814
studio lighting,"A studio lighting photograph of a mysterious volcanic crater, emphasizing natural light and balanced tones.",11991
portrait,"A portrait scenic capture portraying a glowing autumn woodland, cinematic framing and tone.",20033
film grain,A film grain photo highlighting the radiant emotion of nature seen in the coral beach.,7873
underexposed,"A finely detailed underexposed photograph of the dense pine forest, with tranquil depth and perspective.",3918
portrait,A portrait panoramic capture showing the golden openness of the stormy sea.,3448
telephoto,A scenic telephoto landscape capturing the beauty of the volcanic crater under melancholic skies.,47848
sepia tone,An outdoor sepia tone photo portraying the volcanic crater in ethereal natural tones.,43142
overexposed,"A overexposed scenic capture portraying a tranquil ancient ruins, cinematic framing and tone.",42377
blue hour,A blue hour frame capturing golden weather and mood around the ancient ruins.,17687
product,An outdoor product photo portraying the desert dunes in softly lit natural tones.,4568
dreamy,"An evocative dreamy landscape photograph of the coral beach, balanced and radiant.",5143
low light,"A low light art photograph of the frozen river, with dramatic framing and luminous tone.",49077
vintage,A vintage photograph focusing on the mist-covered interplay between light and the misty jungle.,11657
surreal,"A surreal inspired shot of the dense pine forest, emphasizing texture and breathtaking atmosphere.",22808
film grain,A film grain photo series focusing on serene landscapes like the serene lake.,17855
fashion,"A carefully composed fashion photo of the volcanic crater, filled with mist-covered tones.",34333
natural lighting,"In a natural lighting mood, this image captures the ethereal serenity of the rolling hills.",39941
documentary,"A documentary art photograph of the mountain range, with mist-covered framing and luminous tone.",10018
product,"A detailed product landscape image of the rocky canyon, radiating sun-drenched energy and depth.",45499
golden hour,"A golden hour photography piece showing the rocky canyon, filled with moody atmosphere.",6440
vintage,A vintage frame capturing sun-drenched weather and mood around the rocky canyon.,16880
high contrast,"An artistic high contrast image showing a crisp view of the sunlit meadow, taken at sunrise.",5002
product,"A detailed product landscape image of the coastal cliffs, radiating glowing energy and depth.",27633
fisheye,"A fisheye landscape scene of a coastal cliffs beneath icy clouds, 8k resolution realism.",6963
macro,A macro creative landscape photograph featuring the mist-covered beauty of the ancient ruins.,39178
overexposed,"An evocative overexposed landscape photograph of the rolling hills, balanced and melancholic.",30952
underexposed,"A underexposed fine-art photo illustrating the serene lake, subtle and radiant.",8342
film grain,"In film grain photography, a sun-drenched depiction of the rolling hills during twilight.",20408
dreamy,"A dreamy outdoor shot of a rocky canyon, featuring crisp lighting and natural tones.",46330
food,"A carefully composed food photo of the dense pine forest, filled with sun-drenched tones.",38630
landscape,"A landscape scenic capture portraying a radiant rocky canyon, cinematic framing and tone.",9735
infrared,"A infrared photo of the sunlit meadow, rich in texture and tranquil atmosphere.",19492
wide-angle,"A wide-angle inspired shot of the coral beach, emphasizing texture and radiant atmosphere.",29913
bokeh,"A bokeh outdoor shot of a desert dunes, featuring luminous lighting and natural tones.",30514
wide-angle,"A wide-angle photograph showing the coral beach, rendered in crisp clarity.",21879
natural lighting,"A natural lighting inspired photograph of the coastal cliffs, composed with softly lit balance and detail.",43306
minimalist composition,A detailed minimalist composition image illustrating the misty jungle with mysterious lighting and tone.,5876
fisheye,"In fisheye style, a detailed shot of a tranquil city skyline surrounded by nature.",22534
overexposed,"A documentary-style overexposed image of the coral beach, deeply ethereal and realistic.",40199
landscape,A landscape scenic shot portraying shadowed mountains and the coral beach in harmony.,19833
high contrast,"A high contrast exploration of the city skyline, revealing luminous forms and light gradients.",44643
underexposed,"A underexposed scenic capture portraying a moody forest valley, cinematic framing and tone.",40897
astrophotography,"A astrophotography photograph showing the desert dunes, rendered in radiant clarity.",34728
pastel tone,"A wide panoramic pastel tone view of a moody hidden waterfall, emphasizing scale and tranquility.",8489
HDR,"In a HDR mood, this image captures the icy serenity of the rolling hills.",42470
telephoto,"A telephoto inspired shot of the tropical island, emphasizing texture and luminous atmosphere.",7503
natural lighting,A natural lighting photograph depicting the shadowed stillness of the volcanic crater at dawn.,14386
wide-angle,A wide-angle creative landscape photograph featuring the dramatic beauty of the snowy meadow.,151
fisheye,"A fisheye exploration of the hidden waterfall, revealing crisp forms and light gradients.",15869
documentary,"In a documentary mood, this image captures the dramatic serenity of the rocky canyon.",3738
film grain,"In film grain fashion, the frozen river is shown in radiant hues and natural gradients.",24101
food,An outdoor food photo portraying the misty jungle in majestic natural tones.,26251
minimalist composition,"A finely detailed minimalist composition photograph of the coral beach, with radiant depth and perspective.",43263
golden hour,A golden hour photo series focusing on vivid landscapes like the coastal cliffs.,6595
wide-angle,"A wide-angle inspired photograph of the desert dunes, composed with ethereal balance and detail.",41604
dreamy,"An evocative dreamy landscape photograph of the misty jungle, balanced and vivid.",3674
minimalist composition,"A minimalist composition landscape scene portraying a glowing stormy sea, with cinematic composition.",15531
muted colors,"A muted colors exploration of the sunlit meadow, revealing luminous forms and light gradients.",38784
landscape,"A landscape picture of the coral beach, taken from a high vantage point showing its mist-covered beauty.",41262
underexposed,A underexposed view emphasizing breathtaking patterns and contrast within the frozen river.,20266
black-and-white,"A finely detailed black-and-white photograph of the frozen river, with ethereal depth and perspective.",569
high saturation,"A nature photo taken in high saturation style, highlighting a sun-drenched sunlit meadow with soft shadows.",13843
fashion,"In fashion photography, a vivid depiction of the frozen river during twilight.",23643
high saturation,A high saturation photograph of a stormy sea bathed in icy afternoon light and atmospheric tones.,13324
blue hour,"A blue hour inspired shot of the hidden waterfall, emphasizing texture and sun-drenched atmosphere.",11660
fashion,"A fashion capture of a vivid hidden waterfall, rendered in photorealistic lighting.",27503
macro,A macro photo series focusing on sun-drenched landscapes like the autumn woodland.,13743
pastel tone,A pastel tone creative landscape photograph featuring the breathtaking beauty of the snowy meadow.,37551
portrait,"A documentary-style portrait image of the tropical island, deeply melancholic and realistic.",18347
film grain,A film grain photograph depicting the mysterious stillness of the desert dunes at dawn.,7153
overexposed,"A overexposed picture of the rolling hills, taken from a high vantage point showing its tranquil beauty.",39394
blue hour,A blue hour scenic shot portraying shadowed mountains and the sunlit meadow in harmony.,3730
underexposed,A detailed underexposed image illustrating the stormy sea with luminous lighting and tone.,40779
sepia tone,"A cinematic sepia tone photograph of the snowy meadow, under glowing evening light.",14334
studio lighting,"A studio lighting picture of the serene lake, taken from a high vantage point showing its mist-covered beauty.",18867
cinematic,"A cinematic scenic capture portraying a softly lit misty jungle, cinematic framing and tone.",45098
minimalist composition,"A large-format minimalist composition photo of a glowing ancient ruins, realistic lighting and crisp detail.",7034
vintage,"A vintage visual study of the hidden waterfall, exploring its sun-drenched texture and lighting.",21658
dreamy,"A cinematic dreamy photograph of the ancient ruins, under luminous evening light.",16804
long exposure,"A large-format long exposure photo of a radiant volcanic crater, realistic lighting and crisp detail.",42858
vintage,"A vintage photo of the tropical island, rich in texture and luminous atmosphere.",35644
architectural,"A architectural fine-art photo illustrating the dense pine forest, subtle and softly lit.",7150
vintage,A vintage panoramic capture showing the radiant openness of the serene lake.,31518
vintage,A detailed vintage image illustrating the snowy meadow with majestic lighting and tone.,26837
fisheye,A fisheye travel photo that captures the golden essence of the city skyline.,31551
product,"A documentary-style product image of the frozen river, deeply shadowed and realistic.",38062
landscape,"A landscape outdoor shot of a dense pine forest, featuring mysterious lighting and natural tones.",3871
macro,"A macro art photograph of the coastal cliffs, with tranquil framing and luminous tone.",6228
portrait,"A nature photo taken in portrait style, highlighting a breathtaking rocky canyon with soft shadows.",32607
natural lighting,A natural lighting panoramic capture showing the radiant openness of the coral beach.,31607
fashion,"A detailed fashion landscape image of the serene lake, radiating radiant energy and depth.",6678
HDR,"A HDR image revealing the luminous grandeur of the ancient ruins, subtle yet powerful.",29604
telephoto,A telephoto photo series focusing on tranquil landscapes like the misty jungle.,17047
black-and-white,A black-and-white travel photo that captures the mysterious essence of the forest valley.,8989
long exposure,"A large-format long exposure photo of a moody stormy sea, realistic lighting and crisp detail.",29532
product,A product photograph depicting the softly lit stillness of the autumn woodland at dawn.,46693
natural lighting,"A documentary-style natural lighting image of the snowy meadow, deeply melancholic and realistic.",35318
neon lighting,"A neon lighting art photograph of the desert dunes, with serene framing and luminous tone.",17599
long exposure,A detailed long exposure image illustrating the volcanic crater with luminous lighting and tone.,45929
telephoto,"A telephoto exploration of the coral beach, revealing majestic forms and light gradients.",28334
cinematic,"A cinematic photograph showing the volcanic crater, rendered in moody clarity.",37895
high contrast,A scenic high contrast landscape capturing the beauty of the rolling hills under breathtaking skies.,25753
studio lighting,"A studio lighting scenic capture portraying a golden rolling hills, cinematic framing and tone.",33910
wide-angle,A scenic wide-angle landscape capturing the beauty of the snowy meadow under vivid skies.,34906
black-and-white,A black-and-white panoramic capture showing the icy openness of the forest valley.,29409
long exposure,"An evocative long exposure landscape photograph of the forest valley, balanced and dramatic.",32978
bokeh,"A wide panoramic bokeh view of a softly lit sunlit meadow, emphasizing scale and tranquility.",23471
bokeh,"A bokeh photograph showing the dense pine forest, rendered in golden clarity.",13030
low light,"In a low light mood, this image captures the majestic serenity of the rolling hills.",11002
film grain,"A detailed film grain landscape image of the ancient ruins, radiating mysterious energy and depth.",44500
low light,"A low light landscape scene portraying a melancholic city skyline, with cinematic composition.",43192
long exposure,"A finely detailed long exposure photograph of the misty jungle, with golden depth and perspective.",47319
overexposed,"A overexposed photo of the forest valley, rich in texture and serene atmosphere.",9860
astrophotography,"A finely detailed astrophotography photograph of the tropical island, with luminous depth and perspective.",29560
landscape,"A landscape capture of a mist-covered snowy meadow, rendered in photorealistic lighting.",37292
vintage,"A vintage image revealing the vivid grandeur of the ancient ruins, subtle yet powerful.",45373
bokeh,"A bokeh scenic capture portraying a serene rolling hills, cinematic framing and tone.",25059
product,"A carefully composed product photo of the forest valley, filled with ethereal tones.",24227
underexposed,"A underexposed landscape taken with radiant precision, showing the dense pine forest in full glory.",18870
bokeh,"A detailed bokeh landscape image of the ancient ruins, radiating breathtaking energy and depth.",46684
infrared,"A infrared exploration of the rolling hills, revealing radiant forms and light gradients.",1261
low light,"A low light photography piece showing the volcanic crater, filled with radiant atmosphere.",3385
soft focus,"A wide panoramic soft focus view of a melancholic snowy meadow, emphasizing scale and tranquility.",23776
monochrome,A monochrome photograph of a hidden waterfall bathed in sun-drenched afternoon light and atmospheric tones.,20966
food,"A food photograph showing the snowy meadow, rendered in radiant clarity.",20689
neon lighting,A neon lighting photograph depicting the radiant stillness of the rolling hills at dawn.,36155
documentary,A detailed documentary image illustrating the snowy meadow with radiant lighting and tone.,22329
minimalist,"In minimalist fashion, the sunlit meadow is shown in majestic hues and natural gradients.",46343
product,A product creative landscape photograph featuring the melancholic beauty of the autumn woodland.,20036
landscape,A landscape photo highlighting the vivid emotion of nature seen in the serene lake.,10158
pastel tone,"A detailed pastel tone landscape image of the desert dunes, radiating dramatic energy and depth.",13082
dreamy,"A nature photo taken in dreamy style, highlighting a tranquil forest valley with soft shadows.",33153
fisheye,A fisheye panoramic capture showing the radiant openness of the mountain range.,38102
high saturation,A high saturation travel photo that captures the mysterious essence of the hidden waterfall.,16395
soft focus,"A cinematic soft focus photograph of the city skyline, under radiant evening light.",34942
product,A product frame capturing serene weather and mood around the sunlit meadow.,23446
fashion,"A fashion photography composition of the forest valley, highlighting its softly lit environment.",18023
high saturation,"A high saturation fine-art photo illustrating the rolling hills, subtle and majestic.",29906
cinematic,A cinematic frame capturing shadowed weather and mood around the frozen river.,17116
vintage,"A vintage photograph of a crisp frozen river, emphasizing natural light and balanced tones.",16966
minimalist,"A minimalist photography composition of the hidden waterfall, highlighting its vivid environment.",36580
low light,"In low light fashion, the serene lake is shown in softly lit hues and natural gradients.",32478
wide-angle,"A wide-angle visual study of the hidden waterfall, exploring its dramatic texture and lighting.",11580
infrared,"An artistic infrared image showing a sun-drenched view of the misty jungle, taken at sunrise.",27938
surreal,"In surreal fashion, the coastal cliffs is shown in melancholic hues and natural gradients.",42491
astrophotography,A astrophotography scenic shot portraying softly lit mountains and the coral beach in harmony.,48882
street photography,"A street photography fine-art photo illustrating the frozen river, subtle and serene.",46838
overexposed,"A overexposed visual study of the stormy sea, exploring its melancholic texture and lighting.",11174
wide-angle,An outdoor wide-angle photo portraying the tropical island in crisp natural tones.,46678
monochrome,"In monochrome fashion, the mountain range is shown in serene hues and natural gradients.",12860
high saturation,A high saturation photograph depicting the golden stillness of the desert dunes at dawn.,35147
landscape,"A finely detailed landscape photograph of the serene lake, with mysterious depth and perspective.",43070
infrared,"A infrared photography composition of the stormy sea, highlighting its radiant environment.",2448
studio lighting,"A studio lighting fine-art photo illustrating the snowy meadow, subtle and ethereal.",30850
high contrast,"A documentary-style high contrast image of the coastal cliffs, deeply melancholic and realistic.",21059
underexposed,"A underexposed image revealing the vivid grandeur of the autumn woodland, subtle yet powerful.",3100
fashion,"A fashion visual study of the autumn woodland, exploring its dramatic texture and lighting.",17204
wide-angle,"In wide-angle fashion, the rolling hills is shown in softly lit hues and natural gradients.",49953
documentary,A documentary travel photo that captures the tranquil essence of the sunlit meadow.,241
natural lighting,A natural lighting travel photo that captures the softly lit essence of the sunlit meadow.,2771
documentary,"A wide panoramic documentary view of a radiant dense pine forest, emphasizing scale and tranquility.",48947
minimalist,"A minimalist picture of the serene lake, taken from a high vantage point showing its icy beauty.",40785
blue hour,An outdoor blue hour photo portraying the serene lake in radiant natural tones.,11700
low light,"In low light fashion, the city skyline is shown in mysterious hues and natural gradients.",30031
muted colors,"A muted colors landscape scene portraying a softly lit hidden waterfall, with cinematic composition.",26220
portrait,"In portrait style, a detailed shot of a ethereal snowy meadow surrounded by nature.",7368
studio lighting,"A studio lighting exploration of the hidden waterfall, revealing radiant forms and light gradients.",45324
portrait,"A portrait visual study of the forest valley, exploring its shadowed texture and lighting.",28916
high saturation,"A carefully composed high saturation photo of the desert dunes, filled with icy tones.",47330
overexposed,"Captured in overexposed aesthetic, the frozen river appears icy against the horizon.",3296
surreal,A surreal travel photo that captures the crisp essence of the tropical island.,24942
telephoto,"A telephoto inspired photograph of the misty jungle, composed with ethereal balance and detail.",8365
film grain,"A documentary-style film grain image of the hidden waterfall, deeply dramatic and realistic.",37982
monochrome,A detailed monochrome image illustrating the tropical island with melancholic lighting and tone.,11711
film grain,A film grain panoramic capture showing the crisp openness of the misty jungle.,32506
minimalist composition,"A minimalist composition inspired photograph of the dense pine forest, composed with sun-drenched balance and detail.",6359
portrait,A detailed portrait image illustrating the stormy sea with tranquil lighting and tone.,30473
infrared,A infrared photograph of a autumn woodland bathed in moody afternoon light and atmospheric tones.,40758
astrophotography,"A finely detailed astrophotography photograph of the stormy sea, with breathtaking depth and perspective.",48960
macro,"In macro style, a detailed shot of a ethereal hidden waterfall surrounded by nature.",48464
high saturation,"A high saturation scenic capture portraying a golden frozen river, cinematic framing and tone.",39782
soft focus,"A soft focus landscape taken with glowing precision, showing the ancient ruins in full glory.",38879
street photography,"A street photography landscape scene of a rolling hills beneath radiant clouds, 8k resolution realism.",29882
street photography,"A detailed street photography landscape image of the rocky canyon, radiating melancholic energy and depth.",43965
studio lighting,"A large-format studio lighting photo of a luminous serene lake, realistic lighting and crisp detail.",45613
architectural,A detailed architectural image illustrating the mountain range with ethereal lighting and tone.,47592
high contrast,A high contrast travel photo that captures the softly lit essence of the forest valley.,8823
low light,"A low light visual study of the volcanic crater, exploring its tranquil texture and lighting.",14093
food,"In a food mood, this image captures the glowing serenity of the mountain range.",15638
sepia tone,"A nature photo taken in sepia tone style, highlighting a mist-covered sunlit meadow with soft shadows.",5244
bokeh,A bokeh view emphasizing serene patterns and contrast within the dense pine forest.,8595
overexposed,A scenic overexposed landscape capturing the beauty of the desert dunes under radiant skies.,45778
sepia tone,"A sepia tone photo of the coral beach, rich in texture and luminous atmosphere.",17803
golden hour,A golden hour photo series focusing on icy landscapes like the forest valley.,44653
blue hour,"An artistic blue hour image showing a melancholic view of the mountain range, taken at sunrise.",26310
street photography,"A street photography inspired shot of the mountain range, emphasizing texture and radiant atmosphere.",20041
vintage,"A vintage photograph showing the serene lake, rendered in serene clarity.",39925
blue hour,"A blue hour image revealing the softly lit grandeur of the hidden waterfall, subtle yet powerful.",40923
landscape,"A landscape inspired shot of the rolling hills, emphasizing texture and moody atmosphere.",47575
high contrast,"A large-format high contrast photo of a melancholic hidden waterfall, realistic lighting and crisp detail.",10110
fisheye,"A fisheye fine-art photo illustrating the volcanic crater, subtle and mist-covered.",35719
low light,"Captured in low light style, the tropical island reveals its golden charm through subtle lighting.",43615
black-and-white,"A black-and-white art photograph of the forest valley, with moody framing and luminous tone.",15585
golden hour,"A carefully composed golden hour photo of the serene lake, filled with glowing tones.",22368
monochrome,"A monochrome inspired photograph of the desert dunes, composed with icy balance and detail.",10655
low light,A low light photo highlighting the crisp emotion of nature seen in the coastal cliffs.,21196
dreamy,"A dreamy landscape scene portraying a breathtaking rocky canyon, with cinematic composition.",4674
monochrome,"A monochrome photograph of a sun-drenched mountain range, emphasizing natural light and balanced tones.",198
street photography,"A street photography image revealing the luminous grandeur of the frozen river, subtle yet powerful.",4679
dreamy,"A dreamy art photograph of the desert dunes, with shadowed framing and luminous tone.",34326
underexposed,"Captured in underexposed style, the volcanic crater reveals its moody charm through subtle lighting.",28270
minimalist,"In minimalist fashion, the volcanic crater is shown in dramatic hues and natural gradients.",4667
surreal,"A surreal visual study of the rolling hills, exploring its breathtaking texture and lighting.",34846
low light,"A low light fine-art photo illustrating the snowy meadow, subtle and mist-covered.",26959
astrophotography,A astrophotography panoramic capture showing the mist-covered openness of the city skyline.,45039
sepia tone,A sepia tone photograph depicting the breathtaking stillness of the volcanic crater at dawn.,45363
blue hour,"In blue hour style, a detailed shot of a crisp city skyline surrounded by nature.",44762
monochrome,"A monochrome exploration of the serene lake, revealing melancholic forms and light gradients.",12355
product,"A product scenic capture portraying a mist-covered mountain range, cinematic framing and tone.",6633
astrophotography,"A astrophotography outdoor shot of a stormy sea, featuring golden lighting and natural tones.",24181
HDR,A HDR photograph depicting the softly lit stillness of the volcanic crater at dawn.,37337
natural lighting,"A natural lighting art photograph of the tropical island, with mist-covered framing and luminous tone.",4296
street photography,A detailed street photography image illustrating the mountain range with mist-covered lighting and tone.,3687
natural lighting,A natural lighting travel photo that captures the serene essence of the dense pine forest.,12224
soft focus,"An artistic soft focus image showing a tranquil view of the rocky canyon, taken at sunrise.",24864
food,A food view emphasizing luminous patterns and contrast within the tropical island.,35457
studio lighting,"A studio lighting fine-art photo illustrating the forest valley, subtle and mist-covered.",47494
wide-angle,"A wide-angle art photograph of the coastal cliffs, with luminous framing and luminous tone.",3940
studio lighting,A studio lighting creative landscape photograph featuring the moody beauty of the snowy meadow.,40509
blue hour,"A blue hour exploration of the sunlit meadow, revealing glowing forms and light gradients.",36740
wide-angle,"In a wide-angle mood, this image captures the majestic serenity of the autumn woodland.",39544
fisheye,"A fisheye inspired photograph of the rocky canyon, composed with mist-covered balance and detail.",33080
food,"A food landscape scene of a mountain range beneath sun-drenched clouds, 8k resolution realism.",2803
long exposure,"A long exposure image revealing the crisp grandeur of the frozen river, subtle yet powerful.",6714
bokeh,"A bokeh capture of a majestic coastal cliffs, rendered in photorealistic lighting.",36700
long exposure,A long exposure photograph focusing on the vivid interplay between light and the city skyline.,34801
food,"A food photograph of a serene hidden waterfall, emphasizing natural light and balanced tones.",42477
sepia tone,"An evocative sepia tone landscape photograph of the hidden waterfall, balanced and serene.",27316
film grain,"A film grain visual study of the rocky canyon, exploring its serene texture and lighting.",48443
monochrome,"A monochrome photo of the rocky canyon, rich in texture and sun-drenched atmosphere.",31768
bokeh,"A finely detailed bokeh photograph of the serene lake, with ethereal depth and perspective.",8400
overexposed,"A finely detailed overexposed photograph of the desert dunes, with icy depth and perspective.",35992
dreamy,"A wide panoramic dreamy view of a vivid mountain range, emphasizing scale and tranquility.",36569
architectural,"In architectural fashion, the city skyline is shown in majestic hues and natural gradients.",39667
HDR,"A HDR inspired photograph of the mountain range, composed with breathtaking balance and detail.",11275
high saturation,"In a high saturation mood, this image captures the luminous serenity of the city skyline.",45800
high contrast,"A documentary-style high contrast image of the volcanic crater, deeply shadowed and realistic.",23163
minimalist,"A minimalist inspired photograph of the rocky canyon, composed with radiant balance and detail.",43612
minimalist,"In minimalist fashion, the autumn woodland is shown in mist-covered hues and natural gradients.",24614
street photography,"A street photography nature image of the serene lake, blending sun-drenched light and composition.",44141
astrophotography,"A astrophotography landscape taken with mysterious precision, showing the hidden waterfall in full glory.",5788
bokeh,"A finely detailed bokeh photograph of the tropical island, with serene depth and perspective.",12451
food,"A food scenic capture portraying a serene rolling hills, cinematic framing and tone.",36741
architectural,A architectural photo highlighting the majestic emotion of nature seen in the autumn woodland.,36631
vintage,"A vintage photograph of a dramatic rolling hills, emphasizing natural light and balanced tones.",39777
wide-angle,A wide-angle frame capturing luminous weather and mood around the tropical island.,39290
underexposed,A underexposed photograph depicting the melancholic stillness of the coral beach at dawn.,29188
low light,A low light frame capturing majestic weather and mood around the dense pine forest.,41568
high contrast,"A high contrast photograph of a glowing autumn woodland, emphasizing natural light and balanced tones.",15712
dreamy,A dreamy photograph of a stormy sea bathed in sun-drenched afternoon light and atmospheric tones.,38222
soft focus,"A finely detailed soft focus photograph of the forest valley, with breathtaking depth and perspective.",45049
pastel tone,A scenic pastel tone landscape capturing the beauty of the coral beach under serene skies.,40644
soft focus,"A soft focus visual study of the frozen river, exploring its majestic texture and lighting.",19994
blue hour,"A large-format blue hour photo of a dramatic sunlit meadow, realistic lighting and crisp detail.",13160
muted colors,"A muted colors inspired photograph of the desert dunes, composed with dramatic balance and detail.",44137
portrait,"A portrait scenic capture portraying a majestic coastal cliffs, cinematic framing and tone.",35945
infrared,"A infrared visual study of the dense pine forest, exploring its serene texture and lighting.",10695
product,"In product style, a detailed shot of a serene rolling hills surrounded by nature.",3397
underexposed,"Captured in underexposed aesthetic, the mountain range appears melancholic against the horizon.",265
underexposed,A underexposed scenic shot portraying softly lit mountains and the mountain range in harmony.,15530
cinematic,"A wide panoramic cinematic view of a melancholic sunlit meadow, emphasizing scale and tranquility.",4209
landscape,"A finely detailed landscape photograph of the autumn woodland, with vivid depth and perspective.",39535
neon lighting,"A finely detailed neon lighting photograph of the serene lake, with serene depth and perspective.",41545
macro,"A large-format macro photo of a tranquil rocky canyon, realistic lighting and crisp detail.",24618
telephoto,"A telephoto landscape scene of a volcanic crater beneath crisp clouds, 8k resolution realism.",17854
neon lighting,A scenic neon lighting landscape capturing the beauty of the mountain range under shadowed skies.,24870
food,"A cinematic food photograph of the coral beach, under dramatic evening light.",23090
fashion,"A fashion photo of the frozen river, rich in texture and radiant atmosphere.",29993
product,"A finely detailed product photograph of the forest valley, with vivid depth and perspective.",503
telephoto,A telephoto frame capturing radiant weather and mood around the stormy sea.,28971
monochrome,"A monochrome capture of a ethereal coral beach, rendered in photorealistic lighting.",14123
vintage,"A vintage exploration of the frozen river, revealing softly lit forms and light gradients.",10391
soft focus,"A soft focus nature image of the sunlit meadow, blending ethereal light and composition.",24723
astrophotography,"A astrophotography art photograph of the desert dunes, with mysterious framing and luminous tone.",26967
long exposure,"A long exposure photograph of a icy coastal cliffs, emphasizing natural light and balanced tones.",39956
infrared,A infrared travel photo that captures the radiant essence of the desert dunes.,2227
film grain,"In film grain photography, a mist-covered depiction of the dense pine forest during twilight.",21854
neon lighting,"An artistic neon lighting image showing a dramatic view of the rolling hills, taken at sunrise.",29545
street photography,"A street photography art photograph of the hidden waterfall, with serene framing and luminous tone.",24662
black-and-white,"A black-and-white art photograph of the tropical island, with vivid framing and luminous tone.",6644
product,A detailed product image illustrating the frozen river with dramatic lighting and tone.,46861
neon lighting,A neon lighting photograph focusing on the softly lit interplay between light and the serene lake.,13081
wide-angle,"A wide-angle exploration of the autumn woodland, revealing ethereal forms and light gradients.",21853
neon lighting,"An artistic neon lighting image showing a breathtaking view of the mountain range, taken at sunrise.",39088
muted colors,"In muted colors style, a detailed shot of a sun-drenched desert dunes surrounded by nature.",39370
wide-angle,A wide-angle photograph depicting the mysterious stillness of the frozen river at dawn.,38392
fashion,An outdoor fashion photo portraying the coastal cliffs in sun-drenched natural tones.,43020
minimalist,"A documentary-style minimalist image of the serene lake, deeply tranquil and realistic.",48224
product,"A product nature image of the autumn woodland, blending golden light and composition.",27907
long exposure,"A long exposure capture of a mysterious sunlit meadow, rendered in photorealistic lighting.",36458
fashion,A fashion photo series focusing on dramatic landscapes like the serene lake.,46056
blue hour,A blue hour photo series focusing on mysterious landscapes like the mountain range.,45583
film grain,"A film grain photograph of a golden frozen river, emphasizing natural light and balanced tones.",49621
studio lighting,"In studio lighting photography, a icy depiction of the tropical island during twilight.",15345
documentary,A documentary photograph depicting the tranquil stillness of the coastal cliffs at dawn.,36927
fashion,"A fashion fine-art photo illustrating the snowy meadow, subtle and breathtaking.",5477
food,A food photo series focusing on moody landscapes like the stormy sea.,10846
bokeh,A bokeh scenic shot portraying moody mountains and the mountain range in harmony.,20521
blue hour,"A blue hour nature image of the hidden waterfall, blending ethereal light and composition.",48486
overexposed,A overexposed frame capturing melancholic weather and mood around the desert dunes.,38651
HDR,"A HDR fine-art photo illustrating the snowy meadow, subtle and radiant.",31620
monochrome,"A monochrome landscape scene of a frozen river beneath icy clouds, 8k resolution realism.",17480
golden hour,"A golden hour landscape taken with radiant precision, showing the rolling hills in full glory.",11290
HDR,"Captured in HDR aesthetic, the desert dunes appears luminous against the horizon.",11280
black-and-white,A black-and-white creative landscape photograph featuring the dramatic beauty of the rolling hills.,49507
infrared,"A finely detailed infrared photograph of the volcanic crater, with softly lit depth and perspective.",38900
pastel tone,A pastel tone panoramic capture showing the icy openness of the coral beach.,45153
film grain,A film grain frame capturing vivid weather and mood around the tropical island.,10094
minimalist,"A nature photo taken in minimalist style, highlighting a moody rocky canyon with soft shadows.",31853
golden hour,"A cinematic golden hour photograph of the city skyline, under tranquil evening light.",30957
vintage,"A vintage image revealing the shadowed grandeur of the forest valley, subtle yet powerful.",3611
film grain,"Captured in film grain style, the hidden waterfall reveals its moody charm through subtle lighting.",25755
golden hour,A golden hour photograph depicting the majestic stillness of the coral beach at dawn.,21269
blue hour,"A blue hour image revealing the shadowed grandeur of the autumn woodland, subtle yet powerful.",12120
long exposure,"A documentary-style long exposure image of the rolling hills, deeply shadowed and realistic.",9157
architectural,"A architectural photograph of a ethereal tropical island, emphasizing natural light and balanced tones.",11067
cinematic,"An artistic cinematic image showing a sun-drenched view of the serene lake, taken at sunrise.",41957
astrophotography,A astrophotography panoramic capture showing the icy openness of the tropical island.,6264
soft focus,"Captured in soft focus style, the frozen river reveals its moody charm through subtle lighting.",25379
telephoto,"A telephoto inspired photograph of the ancient ruins, composed with golden balance and detail.",25456
portrait,"A cinematic portrait photograph of the coral beach, under vivid evening light.",6206
food,A food scenic shot portraying melancholic mountains and the tropical island in harmony.,23028
minimalist,"A minimalist inspired photograph of the ancient ruins, composed with icy balance and detail.",21740
wide-angle,"A wide-angle scenic capture portraying a mist-covered coastal cliffs, cinematic framing and tone.",20780
fisheye,"A fisheye photo of the rocky canyon, rich in texture and majestic atmosphere.",49095
neon lighting,A neon lighting panoramic capture showing the softly lit openness of the stormy sea.,25468
architectural,A architectural travel photo that captures the glowing essence of the coral beach.,19319
macro,"A cinematic macro photograph of the serene lake, under dramatic evening light.",3339
fisheye,"A fisheye landscape scene of a mountain range beneath icy clouds, 8k resolution realism.",3477
pastel tone,"A pastel tone scenic capture portraying a softly lit frozen river, cinematic framing and tone.",12512
fisheye,"In fisheye photography, a golden depiction of the tropical island during twilight.",22626
monochrome,"A detailed monochrome landscape image of the tropical island, radiating majestic energy and depth.",49718
street photography,"A cinematic street photography photograph of the coral beach, under tranquil evening light.",31072
telephoto,A telephoto travel photo that captures the crisp essence of the desert dunes.,39077
soft focus,"A soft focus picture of the coral beach, taken from a high vantage point showing its tranquil beauty.",12309
low light,A low light scenic shot portraying glowing mountains and the hidden waterfall in harmony.,26644
natural lighting,"In natural lighting fashion, the hidden waterfall is shown in shadowed hues and natural gradients.",39503
underexposed,"A underexposed art photograph of the rolling hills, with vivid framing and luminous tone.",27095
telephoto,"A telephoto landscape scene of a desert dunes beneath majestic clouds, 8k resolution realism.",22211
documentary,"A documentary capture of a icy desert dunes, rendered in photorealistic lighting.",31734
underexposed,"In underexposed photography, a radiant depiction of the dense pine forest during twilight.",6471
high saturation,"A high saturation picture of the rocky canyon, taken from a high vantage point showing its mysterious beauty.",38204
studio lighting,"In studio lighting style, a detailed shot of a icy rocky canyon surrounded by nature.",36268
astrophotography,A astrophotography scenic shot portraying radiant mountains and the sunlit meadow in harmony.,41000
high saturation,"A large-format high saturation photo of a golden volcanic crater, realistic lighting and crisp detail.",666
minimalist,"A wide panoramic minimalist view of a crisp hidden waterfall, emphasizing scale and tranquility.",44290
minimalist,"In minimalist fashion, the coastal cliffs is shown in mist-covered hues and natural gradients.",45404
overexposed,A overexposed view emphasizing breathtaking patterns and contrast within the city skyline.,5137
food,"A food landscape taken with majestic precision, showing the rolling hills in full glory.",42616
underexposed,A underexposed photo series focusing on radiant landscapes like the mountain range.,28124
minimalist,"A detailed minimalist landscape image of the volcanic crater, radiating mist-covered energy and depth.",6325
food,"A food inspired shot of the tropical island, emphasizing texture and breathtaking atmosphere.",5771
minimalist,A detailed minimalist image illustrating the rolling hills with golden lighting and tone.,43892
film grain,A film grain photo highlighting the mist-covered emotion of nature seen in the sunlit meadow.,18724
soft focus,"An evocative soft focus landscape photograph of the stormy sea, balanced and mist-covered.",5804
infrared,A infrared photo series focusing on mist-covered landscapes like the hidden waterfall.,2438
low light,"A low light landscape scene portraying a sun-drenched rolling hills, with cinematic composition.",48933
soft focus,"An evocative soft focus landscape photograph of the city skyline, balanced and radiant.",15862
black-and-white,"An evocative black-and-white landscape photograph of the misty jungle, balanced and ethereal.",4736
sepia tone,"A sepia tone photography composition of the coastal cliffs, highlighting its breathtaking environment.",10234
neon lighting,"In neon lighting style, a detailed shot of a golden frozen river surrounded by nature.",5102
fisheye,"A detailed fisheye landscape image of the snowy meadow, radiating crisp energy and depth.",39165
fashion,"A fashion photograph of a vivid tropical island, emphasizing natural light and balanced tones.",11942
fashion,A fashion photograph depicting the serene stillness of the volcanic crater at dawn.,43036
food,An outdoor food photo portraying the coral beach in golden natural tones.,28030
golden hour,A golden hour frame capturing crisp weather and mood around the coral beach.,1830
muted colors,"A muted colors picture of the forest valley, taken from a high vantage point showing its golden beauty.",49872
minimalist composition,A minimalist composition photo highlighting the sun-drenched emotion of nature seen in the city skyline.,44486
soft focus,"A soft focus nature image of the frozen river, blending vivid light and composition.",23048
muted colors,"A finely detailed muted colors photograph of the stormy sea, with dramatic depth and perspective.",2843
architectural,"A documentary-style architectural image of the forest valley, deeply majestic and realistic.",43858
infrared,"A infrared picture of the dense pine forest, taken from a high vantage point showing its majestic beauty.",46441
fisheye,A fisheye scenic shot portraying vivid mountains and the serene lake in harmony.,12717
fisheye,"A cinematic fisheye photograph of the serene lake, under golden evening light.",2697
dreamy,A dreamy photograph focusing on the golden interplay between light and the coral beach.,40555
bokeh,"A bokeh photography composition of the stormy sea, highlighting its serene environment.",4051
film grain,"A film grain photograph of a icy coral beach, emphasizing natural light and balanced tones.",5082
muted colors,"A muted colors nature image of the coastal cliffs, blending crisp light and composition.",25561
low light,"Captured in low light aesthetic, the desert dunes appears sun-drenched against the horizon.",10734
fisheye,"A fisheye inspired photograph of the sunlit meadow, composed with ethereal balance and detail.",23321
blue hour,"A blue hour art photograph of the serene lake, with melancholic framing and luminous tone.",5513
vintage,"Captured in vintage style, the autumn woodland reveals its crisp charm through subtle lighting.",35832
studio lighting,"A studio lighting photograph showing the forest valley, rendered in serene clarity.",39192
macro,"A macro landscape scene portraying a serene frozen river, with cinematic composition.",43010
pastel tone,"A pastel tone landscape taken with mist-covered precision, showing the misty jungle in full glory.",35581
high saturation,"A high saturation inspired photograph of the coral beach, composed with tranquil balance and detail.",23438
blue hour,"A blue hour picture of the mountain range, taken from a high vantage point showing its shadowed beauty.",22336
studio lighting,A detailed studio lighting image illustrating the forest valley with mist-covered lighting and tone.,507
wide-angle,A wide-angle photo series focusing on glowing landscapes like the desert dunes.,40064
street photography,A street photography photo highlighting the radiant emotion of nature seen in the dense pine forest.,19171
high contrast,A high contrast photograph of a hidden waterfall bathed in ethereal afternoon light and atmospheric tones.,4699
minimalist,An outdoor minimalist photo portraying the dense pine forest in sun-drenched natural tones.,38111
blue hour,A blue hour travel photo that captures the mist-covered essence of the coastal cliffs.,10713
underexposed,"A underexposed fine-art photo illustrating the desert dunes, subtle and luminous.",16961
black-and-white,"In a black-and-white mood, this image captures the softly lit serenity of the forest valley.",30607
surreal,"A large-format surreal photo of a luminous frozen river, realistic lighting and crisp detail.",1284
long exposure,"A long exposure landscape scene portraying a ethereal dense pine forest, with cinematic composition.",47638
golden hour,A golden hour photograph focusing on the radiant interplay between light and the dense pine forest.,47844
astrophotography,"A astrophotography exploration of the forest valley, revealing shadowed forms and light gradients.",36532
pastel tone,"A pastel tone photography piece showing the autumn woodland, filled with luminous atmosphere.",25066
architectural,"A finely detailed architectural photograph of the ancient ruins, with ethereal depth and perspective.",23642
dreamy,"A dreamy photography piece showing the forest valley, filled with ethereal atmosphere.",41859
HDR,A HDR travel photo that captures the softly lit essence of the volcanic crater.,49244
blue hour,"A carefully composed blue hour photo of the snowy meadow, filled with sun-drenched tones.",25661
landscape,"In landscape style, a detailed shot of a crisp ancient ruins surrounded by nature.",33397
telephoto,A telephoto travel photo that captures the melancholic essence of the tropical island.,41619
fisheye,A fisheye creative landscape photograph featuring the sun-drenched beauty of the rolling hills.,21169
HDR,"An evocative HDR landscape photograph of the coral beach, balanced and shadowed.",14247
landscape,"A landscape image revealing the ethereal grandeur of the stormy sea, subtle yet powerful.",23162
street photography,A street photography panoramic capture showing the ethereal openness of the coastal cliffs.,47643
minimalist composition,"A minimalist composition scenic capture portraying a sun-drenched coastal cliffs, cinematic framing and tone.",12200
high contrast,"A high contrast art photograph of the serene lake, with breathtaking framing and luminous tone.",41590
overexposed,"In a overexposed mood, this image captures the crisp serenity of the tropical island.",19871
surreal,"In a surreal mood, this image captures the ethereal serenity of the snowy meadow.",14104
street photography,"A street photography art photograph of the mountain range, with tranquil framing and luminous tone.",33795
architectural,"A architectural photograph showing the sunlit meadow, rendered in dramatic clarity.",23324
high saturation,"A high saturation landscape scene of a autumn woodland beneath shadowed clouds, 8k resolution realism.",42544
wide-angle,"A wide-angle landscape scene of a rolling hills beneath ethereal clouds, 8k resolution realism.",48976
minimalist,"In minimalist style, a detailed shot of a mysterious sunlit meadow surrounded by nature.",44514
cinematic,A cinematic photograph of a dense pine forest bathed in melancholic afternoon light and atmospheric tones.,47027
natural lighting,An outdoor natural lighting photo portraying the city skyline in radiant natural tones.,9848
wide-angle,"A wide-angle photograph showing the city skyline, rendered in serene clarity.",3440
studio lighting,A studio lighting scenic shot portraying sun-drenched mountains and the volcanic crater in harmony.,27750
HDR,A HDR photo series focusing on golden landscapes like the ancient ruins.,46706
sepia tone,"A sepia tone landscape taken with moody precision, showing the city skyline in full glory.",39389
sepia tone,A sepia tone photo series focusing on shadowed landscapes like the mountain range.,42890
underexposed,"A underexposed photography piece showing the frozen river, filled with breathtaking atmosphere.",28058
dreamy,"A dreamy capture of a radiant ancient ruins, rendered in photorealistic lighting.",20469
documentary,"A documentary inspired photograph of the frozen river, composed with radiant balance and detail.",33087
astrophotography,"A carefully composed astrophotography photo of the dense pine forest, filled with softly lit tones.",31247
underexposed,"A wide panoramic underexposed view of a dramatic serene lake, emphasizing scale and tranquility.",39693
portrait,"A nature photo taken in portrait style, highlighting a glowing tropical island with soft shadows.",21129
documentary,"A documentary photograph showing the rolling hills, rendered in dramatic clarity.",10657
surreal,"A surreal fine-art photo illustrating the coastal cliffs, subtle and icy.",21006
natural lighting,"A natural lighting inspired shot of the volcanic crater, emphasizing texture and crisp atmosphere.",16742
long exposure,"A long exposure picture of the desert dunes, taken from a high vantage point showing its melancholic beauty.",45172
soft focus,"A finely detailed soft focus photograph of the city skyline, with melancholic depth and perspective.",11339
food,"A food image revealing the sun-drenched grandeur of the volcanic crater, subtle yet powerful.",16475
street photography,"A street photography art photograph of the rolling hills, with softly lit framing and luminous tone.",233
food,"A food art photograph of the snowy meadow, with mysterious framing and luminous tone.",39166
monochrome,A monochrome scenic shot portraying majestic mountains and the rolling hills in harmony.,42000
fisheye,"A fisheye picture of the frozen river, taken from a high vantage point showing its crisp beauty.",13074
high saturation,A high saturation panoramic capture showing the majestic openness of the volcanic crater.,26622
surreal,"An artistic surreal image showing a mist-covered view of the city skyline, taken at sunrise.",16743
muted colors,A muted colors photo series focusing on mist-covered landscapes like the tropical island.,37549
architectural,A detailed architectural image illustrating the rocky canyon with mist-covered lighting and tone.,37930
low light,"A low light landscape taken with breathtaking precision, showing the city skyline in full glory.",1728
underexposed,"A carefully composed underexposed photo of the misty jungle, filled with melancholic tones.",43877
bokeh,"A bokeh nature image of the desert dunes, blending shadowed light and composition.",36910
muted colors,A muted colors photo series focusing on luminous landscapes like the hidden waterfall.,46203
documentary,"An artistic documentary image showing a majestic view of the coral beach, taken at sunrise.",4781
telephoto,A telephoto photograph depicting the shadowed stillness of the snowy meadow at dawn.,6407
film grain,"A film grain nature image of the snowy meadow, blending golden light and composition.",39491
monochrome,"A monochrome fine-art photo illustrating the tropical island, subtle and glowing.",11279
film grain,"An evocative film grain landscape photograph of the ancient ruins, balanced and mysterious.",31932
high contrast,"Captured in high contrast style, the dense pine forest reveals its softly lit charm through subtle lighting.",1972
fisheye,"A carefully composed fisheye photo of the snowy meadow, filled with ethereal tones.",23473
portrait,"In a portrait mood, this image captures the mysterious serenity of the stormy sea.",12719
studio lighting,A scenic studio lighting landscape capturing the beauty of the tropical island under dramatic skies.,36451
bokeh,"A documentary-style bokeh image of the coral beach, deeply crisp and realistic.",26709
neon lighting,A neon lighting travel photo that captures the vivid essence of the desert dunes.,15702
wide-angle,"A wide-angle landscape taken with ethereal precision, showing the city skyline in full glory.",11388
product,"A product photograph showing the dense pine forest, rendered in radiant clarity.",948
fisheye,"A fisheye visual study of the frozen river, exploring its luminous texture and lighting.",21649
portrait,"A documentary-style portrait image of the frozen river, deeply mysterious and realistic.",30947
landscape,A landscape travel photo that captures the breathtaking essence of the hidden waterfall.,33487
minimalist composition,A minimalist composition view emphasizing radiant patterns and contrast within the dense pine forest.,48352
blue hour,"A blue hour landscape scene of a dense pine forest beneath serene clouds, 8k resolution realism.",13652
high saturation,"In a high saturation mood, this image captures the sun-drenched serenity of the hidden waterfall.",5217
studio lighting,"A studio lighting photograph of a glowing city skyline, emphasizing natural light and balanced tones.",9591
minimalist,"A minimalist photo of the misty jungle, rich in texture and glowing atmosphere.",33049
sepia tone,A detailed sepia tone image illustrating the hidden waterfall with golden lighting and tone.,39200
surreal,"In surreal photography, a sun-drenched depiction of the mountain range during twilight.",9078
fashion,"In fashion photography, a dramatic depiction of the tropical island during twilight.",134
landscape,"A landscape photograph showing the volcanic crater, rendered in glowing clarity.",3898
soft focus,"A soft focus fine-art photo illustrating the volcanic crater, subtle and breathtaking.",3789
documentary,"A finely detailed documentary photograph of the hidden waterfall, with icy depth and perspective.",27790
macro,A macro view emphasizing luminous patterns and contrast within the autumn woodland.,459
natural lighting,"A natural lighting art photograph of the city skyline, with moody framing and luminous tone.",33408
sepia tone,"A sepia tone photography composition of the hidden waterfall, highlighting its crisp environment.",45884
minimalist composition,"A minimalist composition inspired photograph of the mountain range, composed with radiant balance and detail.",47736
landscape,A landscape photo highlighting the golden emotion of nature seen in the snowy meadow.,43531
surreal,A surreal photograph of a frozen river bathed in luminous afternoon light and atmospheric tones.,18090
overexposed,"A overexposed landscape scene of a rolling hills beneath dramatic clouds, 8k resolution realism.",3871
muted colors,A muted colors photo series focusing on ethereal landscapes like the coral beach.,28477
soft focus,A soft focus creative landscape photograph featuring the moody beauty of the dense pine forest.,15106
high saturation,"A high saturation inspired shot of the rocky canyon, emphasizing texture and luminous atmosphere.",265
landscape,An outdoor landscape photo portraying the rolling hills in icy natural tones.,44773
film grain,A film grain panoramic capture showing the ethereal openness of the desert dunes.,3883
natural lighting,"A natural lighting fine-art photo illustrating the ancient ruins, subtle and sun-drenched.",6315
street photography,"A street photography photograph showing the hidden waterfall, rendered in sun-drenched clarity.",14108
overexposed,A overexposed view emphasizing sun-drenched patterns and contrast within the city skyline.,20227
studio lighting,A studio lighting scenic shot portraying moody mountains and the coral beach in harmony.,32363
surreal,"A surreal capture of a ethereal volcanic crater, rendered in photorealistic lighting.",11932
studio lighting,"A cinematic studio lighting photograph of the coastal cliffs, under majestic evening light.",21683
telephoto,"A telephoto photography piece showing the forest valley, filled with breathtaking atmosphere.",30816
infrared,"An artistic infrared image showing a vivid view of the snowy meadow, taken at sunrise.",43193
vintage,"In vintage photography, a dramatic depiction of the hidden waterfall during twilight.",2752
infrared,A detailed infrared image illustrating the desert dunes with luminous lighting and tone.,15226
product,"In product fashion, the serene lake is shown in softly lit hues and natural gradients.",1917
soft focus,"A finely detailed soft focus photograph of the forest valley, with majestic depth and perspective.",24487
muted colors,"A muted colors photo of the sunlit meadow, rich in texture and ethereal atmosphere.",21311
minimalist,A minimalist photograph of a hidden waterfall bathed in serene afternoon light and atmospheric tones.,30103
sepia tone,"A sepia tone photography piece showing the frozen river, filled with vivid atmosphere.",12348
high saturation,"A high saturation photo of the stormy sea, rich in texture and moody atmosphere.",6663
monochrome,"A monochrome photography composition of the volcanic crater, highlighting its sun-drenched environment.",45732
street photography,"An evocative street photography landscape photograph of the desert dunes, balanced and mist-covered.",27591
studio lighting,A detailed studio lighting image illustrating the autumn woodland with ethereal lighting and tone.,47470
fashion,A fashion photograph focusing on the breathtaking interplay between light and the serene lake.,44911
underexposed,"A large-format underexposed photo of a mist-covered serene lake, realistic lighting and crisp detail.",29939
macro,A scenic macro landscape capturing the beauty of the tropical island under mysterious skies.,19405
architectural,A architectural photograph focusing on the icy interplay between light and the ancient ruins.,196
blue hour,A blue hour photograph of a hidden waterfall bathed in shadowed afternoon light and atmospheric tones.,39695
dreamy,"In dreamy photography, a melancholic depiction of the misty jungle during twilight.",19104
minimalist,"Captured in minimalist aesthetic, the autumn woodland appears dramatic against the horizon.",10299
monochrome,A monochrome creative landscape photograph featuring the luminous beauty of the ancient ruins.,49427
pastel tone,A pastel tone travel photo that captures the tranquil essence of the snowy meadow.,39600
landscape,"A large-format landscape photo of a sun-drenched stormy sea, realistic lighting and crisp detail.",31553
product,"A documentary-style product image of the mountain range, deeply glowing and realistic.",48022
minimalist composition,"A minimalist composition landscape scene portraying a melancholic coastal cliffs, with cinematic composition.",25938
landscape,"An evocative landscape landscape photograph of the coral beach, balanced and moody.",38744
documentary,A documentary panoramic capture showing the breathtaking openness of the mountain range.,45495
monochrome,"In monochrome fashion, the dense pine forest is shown in tranquil hues and natural gradients.",47965
infrared,A infrared panoramic capture showing the breathtaking openness of the coral beach.,32434
telephoto,An outdoor telephoto photo portraying the hidden waterfall in luminous natural tones.,23792
cinematic,"A cinematic landscape taken with softly lit precision, showing the serene lake in full glory.",13258
documentary,A documentary photograph focusing on the glowing interplay between light and the sunlit meadow.,8707
fisheye,"An artistic fisheye image showing a moody view of the snowy meadow, taken at sunrise.",33290
muted colors,A muted colors view emphasizing golden patterns and contrast within the rolling hills.,43767
astrophotography,"A astrophotography capture of a crisp hidden waterfall, rendered in photorealistic lighting.",16961
street photography,"Captured in street photography style, the rolling hills reveals its shadowed charm through subtle lighting.",7231
product,"A documentary-style product image of the city skyline, deeply glowing and realistic.",47309
product,"A product capture of a breathtaking frozen river, rendered in photorealistic lighting.",25823
street photography,"In street photography photography, a icy depiction of the tropical island during twilight.",39422
soft focus,A soft focus creative landscape photograph featuring the ethereal beauty of the hidden waterfall.,16776
fisheye,"A fisheye nature image of the tropical island, blending shadowed light and composition.",23818
macro,A scenic macro landscape capturing the beauty of the mountain range under softly lit skies.,20442
food,"A food photo of the coastal cliffs, rich in texture and shadowed atmosphere.",45461
monochrome,"A monochrome picture of the desert dunes, taken from a high vantage point showing its vivid beauty.",26823
black-and-white,"Captured in black-and-white aesthetic, the snowy meadow appears mist-covered against the horizon.",36952
telephoto,A telephoto travel photo that captures the radiant essence of the serene lake.,23569
fisheye,"A fisheye photography piece showing the city skyline, filled with crisp atmosphere.",14909
black-and-white,"A black-and-white photograph of a icy misty jungle, emphasizing natural light and balanced tones.",23430
soft focus,"A soft focus image revealing the luminous grandeur of the desert dunes, subtle yet powerful.",31310
vintage,"A vintage landscape scene portraying a radiant city skyline, with cinematic composition.",26062
soft focus,"Captured in soft focus aesthetic, the autumn woodland appears luminous against the horizon.",14149
surreal,"An evocative surreal landscape photograph of the serene lake, balanced and moody.",24158
soft focus,"An evocative soft focus landscape photograph of the ancient ruins, balanced and mist-covered.",5635
street photography,"A street photography photo of the forest valley, rich in texture and ethereal atmosphere.",35081
minimalist,"A minimalist landscape scene portraying a melancholic city skyline, with cinematic composition.",49217
macro,"A macro landscape scene portraying a melancholic misty jungle, with cinematic composition.",45662
bokeh,"An evocative bokeh landscape photograph of the rolling hills, balanced and dramatic.",25448
product,"A product visual study of the forest valley, exploring its breathtaking texture and lighting.",44485
dreamy,A dreamy creative landscape photograph featuring the majestic beauty of the city skyline.,36886
product,A product frame capturing crisp weather and mood around the autumn woodland.,38264
portrait,"A portrait outdoor shot of a autumn woodland, featuring glowing lighting and natural tones.",15729
food,"A food fine-art photo illustrating the rolling hills, subtle and vivid.",30064
astrophotography,A astrophotography creative landscape photograph featuring the luminous beauty of the misty jungle.,25547
high saturation,An outdoor high saturation photo portraying the city skyline in mist-covered natural tones.,39412
architectural,"A architectural inspired shot of the dense pine forest, emphasizing texture and radiant atmosphere.",44224
studio lighting,A studio lighting photograph focusing on the golden interplay between light and the stormy sea.,44242
landscape,"A landscape visual study of the tropical island, exploring its breathtaking texture and lighting.",11634
long exposure,"A documentary-style long exposure image of the frozen river, deeply icy and realistic.",11346
studio lighting,"A large-format studio lighting photo of a shadowed forest valley, realistic lighting and crisp detail.",9183
sepia tone,"A sepia tone fine-art photo illustrating the coral beach, subtle and luminous.",41910
low light,"A low light nature image of the hidden waterfall, blending golden light and composition.",9771
long exposure,A scenic long exposure landscape capturing the beauty of the city skyline under golden skies.,380
fashion,"An artistic fashion image showing a dramatic view of the coral beach, taken at sunrise.",17426
documentary,"A documentary capture of a melancholic ancient ruins, rendered in photorealistic lighting.",7109
HDR,"A HDR capture of a sun-drenched coastal cliffs, rendered in photorealistic lighting.",25566
low light,"In a low light mood, this image captures the sun-drenched serenity of the frozen river.",23911
vintage,"A detailed vintage landscape image of the frozen river, radiating dramatic energy and depth.",10559
astrophotography,"In astrophotography photography, a shadowed depiction of the sunlit meadow during twilight.",7816
bokeh,"A detailed bokeh landscape image of the misty jungle, radiating mist-covered energy and depth.",9654
macro,"In macro fashion, the dense pine forest is shown in melancholic hues and natural gradients.",40857
street photography,A street photography photograph depicting the luminous stillness of the misty jungle at dawn.,40545
product,A product photograph focusing on the vivid interplay between light and the snowy meadow.,10454
portrait,An outdoor portrait photo portraying the sunlit meadow in icy natural tones.,42006
food,"A food landscape scene of a frozen river beneath mist-covered clouds, 8k resolution realism.",504
cinematic,A cinematic travel photo that captures the ethereal essence of the stormy sea.,26506
monochrome,"A large-format monochrome photo of a glowing desert dunes, realistic lighting and crisp detail.",17597
fashion,"A fashion fine-art photo illustrating the coral beach, subtle and shadowed.",23581
food,"A food art photograph of the coral beach, with dramatic framing and luminous tone.",19885
sepia tone,A sepia tone photograph focusing on the mysterious interplay between light and the tropical island.,6125
film grain,"A film grain scenic capture portraying a moody coral beach, cinematic framing and tone.",13177
high saturation,"A high saturation landscape taken with shadowed precision, showing the city skyline in full glory.",23677
blue hour,"A blue hour photography composition of the hidden waterfall, highlighting its golden environment.",49196
natural lighting,"An artistic natural lighting image showing a mist-covered view of the sunlit meadow, taken at sunrise.",32405
street photography,"A street photography capture of a softly lit city skyline, rendered in photorealistic lighting.",1270
astrophotography,"A astrophotography photograph showing the forest valley, rendered in vivid clarity.",37412
long exposure,"Captured in long exposure style, the rolling hills reveals its serene charm through subtle lighting.",11626
monochrome,"A finely detailed monochrome photograph of the forest valley, with melancholic depth and perspective.",40957
overexposed,"A overexposed photo of the coastal cliffs, rich in texture and dramatic atmosphere.",118
landscape,A landscape frame capturing vivid weather and mood around the forest valley.,14218
astrophotography,"A astrophotography scenic capture portraying a majestic city skyline, cinematic framing and tone.",18794
minimalist composition,A minimalist composition travel photo that captures the glowing essence of the ancient ruins.,3957
food,"A food visual study of the desert dunes, exploring its moody texture and lighting.",10200
black-and-white,"A black-and-white photography piece showing the snowy meadow, filled with glowing atmosphere.",37339
film grain,"A film grain photo of the stormy sea, rich in texture and shadowed atmosphere.",22774
high saturation,A high saturation photo series focusing on glowing landscapes like the rocky canyon.,39842
fisheye,"A documentary-style fisheye image of the autumn woodland, deeply crisp and realistic.",49222
HDR,"A HDR photograph showing the stormy sea, rendered in tranquil clarity.",17806
documentary,"A documentary inspired photograph of the sunlit meadow, composed with moody balance and detail.",19357
high saturation,"A carefully composed high saturation photo of the serene lake, filled with crisp tones.",8317
architectural,A scenic architectural landscape capturing the beauty of the autumn woodland under ethereal skies.,39526
cinematic,"A cinematic exploration of the hidden waterfall, revealing breathtaking forms and light gradients.",2836
sepia tone,"A nature photo taken in sepia tone style, highlighting a breathtaking ancient ruins with soft shadows.",3169
black-and-white,"A carefully composed black-and-white photo of the city skyline, filled with vivid tones.",24190
fisheye,A fisheye travel photo that captures the serene essence of the serene lake.,8541
minimalist,"Captured in minimalist aesthetic, the stormy sea appears mist-covered against the horizon.",27698
blue hour,"A blue hour photograph of a moody serene lake, emphasizing natural light and balanced tones.",28975
cinematic,"A cinematic inspired photograph of the rolling hills, composed with melancholic balance and detail.",21521
blue hour,"A blue hour photograph showing the desert dunes, rendered in golden clarity.",9890
macro,"A macro picture of the hidden waterfall, taken from a high vantage point showing its vivid beauty.",12882
low light,A low light view emphasizing serene patterns and contrast within the snowy meadow.,27418
studio lighting,"A studio lighting landscape scene portraying a moody volcanic crater, with cinematic composition.",19613
neon lighting,"A neon lighting landscape taken with melancholic precision, showing the serene lake in full glory.",15209
surreal,"A surreal photography composition of the autumn woodland, highlighting its vivid environment.",26353
golden hour,"A finely detailed golden hour photograph of the coastal cliffs, with shadowed depth and perspective.",19640
underexposed,"In underexposed style, a detailed shot of a majestic rocky canyon surrounded by nature.",9951
film grain,"A film grain outdoor shot of a sunlit meadow, featuring crisp lighting and natural tones.",20629
high contrast,"A high contrast landscape scene of a serene lake beneath softly lit clouds, 8k resolution realism.",22215
minimalist,"A minimalist picture of the coral beach, taken from a high vantage point showing its serene beauty.",23788
HDR,"A wide panoramic HDR view of a tranquil desert dunes, emphasizing scale and tranquility.",19676
street photography,A street photography creative landscape photograph featuring the majestic beauty of the misty jungle.,29935
architectural,"In a architectural mood, this image captures the moody serenity of the frozen river.",21060
soft focus,A soft focus frame capturing dramatic weather and mood around the misty jungle.,41043
high saturation,A high saturation frame capturing moody weather and mood around the volcanic crater.,34832
surreal,"A surreal landscape taken with mist-covered precision, showing the rolling hills in full glory.",22925
astrophotography,"In astrophotography fashion, the stormy sea is shown in luminous hues and natural gradients.",9495
documentary,"A documentary inspired shot of the serene lake, emphasizing texture and sun-drenched atmosphere.",21500
minimalist composition,"A minimalist composition nature image of the rolling hills, blending radiant light and composition.",9530
blue hour,A blue hour photo series focusing on majestic landscapes like the city skyline.,13760
bokeh,"A documentary-style bokeh image of the stormy sea, deeply softly lit and realistic.",44396
product,"A product photography composition of the dense pine forest, highlighting its mysterious environment.",44303
low light,A low light photograph focusing on the radiant interplay between light and the serene lake.,229
product,"A product image revealing the icy grandeur of the snowy meadow, subtle yet powerful.",48650
minimalist,"A large-format minimalist photo of a sun-drenched rolling hills, realistic lighting and crisp detail.",43620
dreamy,"A dreamy visual study of the serene lake, exploring its mysterious texture and lighting.",44839
bokeh,"A wide panoramic bokeh view of a mysterious rocky canyon, emphasizing scale and tranquility.",43088
surreal,"In surreal photography, a radiant depiction of the snowy meadow during twilight.",23100
fashion,"A fashion photo of the desert dunes, rich in texture and vivid atmosphere.",39104
HDR,"A HDR photograph of a tranquil coastal cliffs, emphasizing natural light and balanced tones.",4854
natural lighting,"A natural lighting fine-art photo illustrating the autumn woodland, subtle and shadowed.",44434
minimalist,"A detailed minimalist landscape image of the mountain range, radiating breathtaking energy and depth.",40061
astrophotography,An outdoor astrophotography photo portraying the hidden waterfall in crisp natural tones.,49123
long exposure,"A detailed long exposure landscape image of the coastal cliffs, radiating glowing energy and depth.",29585
HDR,"A wide panoramic HDR view of a radiant sunlit meadow, emphasizing scale and tranquility.",11479
high saturation,"A high saturation fine-art photo illustrating the stormy sea, subtle and luminous.",12480
neon lighting,"A neon lighting landscape taken with radiant precision, showing the snowy meadow in full glory.",48110
soft focus,An outdoor soft focus photo portraying the rolling hills in mysterious natural tones.,2689
product,"A nature photo taken in product style, highlighting a radiant dense pine forest with soft shadows.",40622
long exposure,"A long exposure fine-art photo illustrating the autumn woodland, subtle and breathtaking.",18432
long exposure,"A long exposure photograph showing the sunlit meadow, rendered in serene clarity.",13274
neon lighting,"A neon lighting picture of the coastal cliffs, taken from a high vantage point showing its luminous beauty.",12462
muted colors,"A muted colors image revealing the moody grandeur of the rolling hills, subtle yet powerful.",11218
landscape,"A landscape photograph of a tranquil coastal cliffs, emphasizing natural light and balanced tones.",8585
dreamy,A dreamy photo highlighting the vivid emotion of nature seen in the ancient ruins.,3158
bokeh,"A bokeh photo of the rolling hills, rich in texture and breathtaking atmosphere.",38709
astrophotography,"A finely detailed astrophotography photograph of the frozen river, with crisp depth and perspective.",36893
natural lighting,A natural lighting travel photo that captures the majestic essence of the snowy meadow.,25423
minimalist composition,"Captured in minimalist composition style, the snowy meadow reveals its breathtaking charm through subtle lighting.",13219
muted colors,"A muted colors landscape scene of a tropical island beneath melancholic clouds, 8k resolution realism.",45143
bokeh,"An artistic bokeh image showing a icy view of the desert dunes, taken at sunrise.",30386
overexposed,"A detailed overexposed landscape image of the stormy sea, radiating shadowed energy and depth.",39392
macro,A macro photo series focusing on golden landscapes like the sunlit meadow.,28815
infrared,"A infrared landscape scene portraying a tranquil stormy sea, with cinematic composition.",209
vintage,"A vintage scenic capture portraying a majestic dense pine forest, cinematic framing and tone.",21946
low light,"A nature photo taken in low light style, highlighting a softly lit hidden waterfall with soft shadows.",31735
studio lighting,A studio lighting photograph of a rocky canyon bathed in ethereal afternoon light and atmospheric tones.,3678
vintage,A vintage photograph of a frozen river bathed in tranquil afternoon light and atmospheric tones.,45878
minimalist,A minimalist photograph focusing on the luminous interplay between light and the desert dunes.,2971
bokeh,A bokeh creative landscape photograph featuring the radiant beauty of the serene lake.,41257
cinematic,"A cinematic landscape scene of a city skyline beneath softly lit clouds, 8k resolution realism.",40018
high saturation,A high saturation frame capturing sun-drenched weather and mood around the dense pine forest.,33618
high contrast,"A high contrast photography composition of the serene lake, highlighting its dramatic environment.",32198
pastel tone,"A pastel tone scenic capture portraying a ethereal desert dunes, cinematic framing and tone.",29916
overexposed,A overexposed frame capturing icy weather and mood around the tropical island.,33743
underexposed,"A nature photo taken in underexposed style, highlighting a dramatic autumn woodland with soft shadows.",44407
blue hour,"An artistic blue hour image showing a vivid view of the misty jungle, taken at sunrise.",44441
astrophotography,"A astrophotography visual study of the volcanic crater, exploring its moody texture and lighting.",12657
natural lighting,A natural lighting creative landscape photograph featuring the dramatic beauty of the tropical island.,29062
fisheye,"A fisheye photography piece showing the ancient ruins, filled with luminous atmosphere.",38454
fashion,"Captured in fashion aesthetic, the hidden waterfall appears vivid against the horizon.",49550
dreamy,"A detailed dreamy landscape image of the coral beach, radiating icy energy and depth.",37542
muted colors,"A detailed muted colors landscape image of the ancient ruins, radiating softly lit energy and depth.",17181
HDR,"A documentary-style HDR image of the serene lake, deeply ethereal and realistic.",3568
long exposure,A long exposure frame capturing vivid weather and mood around the dense pine forest.,26497
portrait,A portrait creative landscape photograph featuring the tranquil beauty of the dense pine forest.,17276
bokeh,"A carefully composed bokeh photo of the coastal cliffs, filled with sun-drenched tones.",25402
studio lighting,A studio lighting view emphasizing serene patterns and contrast within the coral beach.,34787
film grain,"In film grain fashion, the stormy sea is shown in shadowed hues and natural gradients.",8371
fashion,"A fashion landscape scene of a autumn woodland beneath sun-drenched clouds, 8k resolution realism.",42946
blue hour,"A blue hour photography piece showing the serene lake, filled with majestic atmosphere.",13698
street photography,"A street photography landscape taken with golden precision, showing the mountain range in full glory.",1030
surreal,"A surreal exploration of the sunlit meadow, revealing majestic forms and light gradients.",12360
minimalist composition,"A minimalist composition fine-art photo illustrating the forest valley, subtle and glowing.",25376
soft focus,"An evocative soft focus landscape photograph of the forest valley, balanced and vivid.",2001
infrared,"A infrared photography piece showing the hidden waterfall, filled with melancholic atmosphere.",39588
product,"Captured in product aesthetic, the mountain range appears shadowed against the horizon.",33615
astrophotography,"A astrophotography photography piece showing the desert dunes, filled with breathtaking atmosphere.",43674
bokeh,"In bokeh photography, a luminous depiction of the coastal cliffs during twilight.",9384
landscape,"A landscape exploration of the forest valley, revealing crisp forms and light gradients.",2199
HDR,"A HDR exploration of the coastal cliffs, revealing serene forms and light gradients.",46552
black-and-white,An outdoor black-and-white photo portraying the tropical island in breathtaking natural tones.,5010
telephoto,A telephoto panoramic capture showing the moody openness of the sunlit meadow.,39228
bokeh,A bokeh frame capturing majestic weather and mood around the mountain range.,4384
documentary,"A large-format documentary photo of a radiant hidden waterfall, realistic lighting and crisp detail.",15775
overexposed,"A overexposed art photograph of the desert dunes, with softly lit framing and luminous tone.",45289
food,A food panoramic capture showing the softly lit openness of the volcanic crater.,32691
underexposed,"A underexposed exploration of the snowy meadow, revealing softly lit forms and light gradients.",41171
sepia tone,A sepia tone photograph of a mountain range bathed in moody afternoon light and atmospheric tones.,48870
studio lighting,"A documentary-style studio lighting image of the stormy sea, deeply vivid and realistic.",38914
wide-angle,"A wide-angle photography composition of the snowy meadow, highlighting its icy environment.",46933
food,A food photo series focusing on shadowed landscapes like the rocky canyon.,40617
bokeh,"A bokeh image revealing the luminous grandeur of the autumn woodland, subtle yet powerful.",15274
documentary,An outdoor documentary photo portraying the frozen river in serene natural tones.,35646
food,"A food inspired photograph of the stormy sea, composed with mysterious balance and detail.",16536
minimalist composition,"A nature photo taken in minimalist composition style, highlighting a sun-drenched serene lake with soft shadows.",42829
bokeh,"A finely detailed bokeh photograph of the rocky canyon, with breathtaking depth and perspective.",36616
telephoto,A telephoto creative landscape photograph featuring the golden beauty of the sunlit meadow.,11109
black-and-white,"A black-and-white photograph of a glowing coral beach, emphasizing natural light and balanced tones.",8105
HDR,A HDR view emphasizing radiant patterns and contrast within the mountain range.,24946
golden hour,"A golden hour outdoor shot of a city skyline, featuring moody lighting and natural tones.",48779
monochrome,"A monochrome scenic capture portraying a melancholic frozen river, cinematic framing and tone.",13782
infrared,A infrared frame capturing shadowed weather and mood around the coastal cliffs.,28627
pastel tone,A pastel tone scenic shot portraying radiant mountains and the misty jungle in harmony.,25054
documentary,A documentary photograph depicting the softly lit stillness of the serene lake at dawn.,7892
muted colors,A muted colors creative landscape photograph featuring the sun-drenched beauty of the mountain range.,36962
portrait,A portrait photo series focusing on majestic landscapes like the ancient ruins.,18228
pastel tone,A detailed pastel tone image illustrating the forest valley with breathtaking lighting and tone.,35379
monochrome,"A monochrome art photograph of the autumn woodland, with majestic framing and luminous tone.",3701
infrared,"Captured in infrared aesthetic, the mountain range appears ethereal against the horizon.",3578
underexposed,"A underexposed scenic capture portraying a melancholic volcanic crater, cinematic framing and tone.",16473
wide-angle,"A large-format wide-angle photo of a moody serene lake, realistic lighting and crisp detail.",25363
architectural,"A architectural inspired shot of the desert dunes, emphasizing texture and vivid atmosphere.",5311
monochrome,"A monochrome picture of the tropical island, taken from a high vantage point showing its softly lit beauty.",19444
blue hour,"A blue hour scenic capture portraying a icy stormy sea, cinematic framing and tone.",16707
minimalist,A minimalist photograph focusing on the icy interplay between light and the rocky canyon.,47075
overexposed,A overexposed view emphasizing moody patterns and contrast within the volcanic crater.,27369
natural lighting,"An evocative natural lighting landscape photograph of the misty jungle, balanced and mist-covered.",46925
landscape,A landscape photo highlighting the vivid emotion of nature seen in the misty jungle.,37070
food,"A food outdoor shot of a dense pine forest, featuring sun-drenched lighting and natural tones.",9741
pastel tone,"A detailed pastel tone landscape image of the coastal cliffs, radiating icy energy and depth.",29400
bokeh,"In a bokeh mood, this image captures the ethereal serenity of the rocky canyon.",8951
studio lighting,"A studio lighting exploration of the hidden waterfall, revealing dramatic forms and light gradients.",11627
pastel tone,"A detailed pastel tone landscape image of the serene lake, radiating melancholic energy and depth.",35318
street photography,An outdoor street photography photo portraying the hidden waterfall in softly lit natural tones.,44482
blue hour,A scenic blue hour landscape capturing the beauty of the serene lake under mysterious skies.,3414
wide-angle,A wide-angle photograph depicting the icy stillness of the ancient ruins at dawn.,32519
neon lighting,A detailed neon lighting image illustrating the misty jungle with mysterious lighting and tone.,42590
soft focus,"In a soft focus mood, this image captures the softly lit serenity of the rolling hills.",41510
infrared,"A infrared photograph of a dramatic ancient ruins, emphasizing natural light and balanced tones.",25881
vintage,"A vintage photography piece showing the tropical island, filled with glowing atmosphere.",14771
blue hour,A scenic blue hour landscape capturing the beauty of the ancient ruins under dramatic skies.,31081
telephoto,"A telephoto image revealing the mysterious grandeur of the forest valley, subtle yet powerful.",21123
surreal,"In surreal style, a detailed shot of a sun-drenched forest valley surrounded by nature.",27637
street photography,A street photography scenic shot portraying moody mountains and the ancient ruins in harmony.,6270
high saturation,"A high saturation nature image of the mountain range, blending mist-covered light and composition.",13997
high saturation,A high saturation photo series focusing on crisp landscapes like the coral beach.,14372
long exposure,"An artistic long exposure image showing a mist-covered view of the hidden waterfall, taken at sunrise.",28431
neon lighting,"In neon lighting style, a detailed shot of a golden city skyline surrounded by nature.",25690
fashion,"In fashion photography, a ethereal depiction of the coastal cliffs during twilight.",13723
telephoto,"A telephoto picture of the tropical island, taken from a high vantage point showing its tranquil beauty.",11356
natural lighting,"In natural lighting photography, a mist-covered depiction of the mountain range during twilight.",37395
cinematic,A cinematic scenic shot portraying vivid mountains and the tropical island in harmony.,45689
golden hour,"A nature photo taken in golden hour style, highlighting a tranquil tropical island with soft shadows.",40919
muted colors,An outdoor muted colors photo portraying the serene lake in sun-drenched natural tones.,6234
portrait,"An artistic portrait image showing a serene view of the misty jungle, taken at sunrise.",40135
dreamy,"A dreamy photography piece showing the city skyline, filled with ethereal atmosphere.",38294
muted colors,"A muted colors photo of the tropical island, rich in texture and luminous atmosphere.",11741
sepia tone,A sepia tone creative landscape photograph featuring the shadowed beauty of the hidden waterfall.,17590
film grain,"In film grain style, a detailed shot of a shadowed coral beach surrounded by nature.",37393
product,"A product photograph of a softly lit autumn woodland, emphasizing natural light and balanced tones.",28361
overexposed,"A detailed overexposed landscape image of the coral beach, radiating icy energy and depth.",42248
wide-angle,"In wide-angle style, a detailed shot of a majestic sunlit meadow surrounded by nature.",41334
low light,"A low light inspired shot of the tropical island, emphasizing texture and icy atmosphere.",35347
wide-angle,"A wide-angle capture of a breathtaking tropical island, rendered in photorealistic lighting.",29340
HDR,"A HDR capture of a breathtaking autumn woodland, rendered in photorealistic lighting.",5212
minimalist,"A detailed minimalist landscape image of the serene lake, radiating breathtaking energy and depth.",30036
macro,"A carefully composed macro photo of the rocky canyon, filled with glowing tones.",45998
food,"A food visual study of the volcanic crater, exploring its mist-covered texture and lighting.",12262
underexposed,"A underexposed photograph showing the dense pine forest, rendered in breathtaking clarity.",48394
bokeh,"A bokeh photograph of a shadowed city skyline, emphasizing natural light and balanced tones.",32915
low light,An outdoor low light photo portraying the autumn woodland in crisp natural tones.,13420
studio lighting,A detailed studio lighting image illustrating the stormy sea with serene lighting and tone.,39453
wide-angle,"Captured in wide-angle style, the frozen river reveals its radiant charm through subtle lighting.",49793
film grain,"A wide panoramic film grain view of a crisp misty jungle, emphasizing scale and tranquility.",39001
studio lighting,A studio lighting view emphasizing mist-covered patterns and contrast within the autumn woodland.,31602
macro,"A macro inspired shot of the stormy sea, emphasizing texture and majestic atmosphere.",21220
HDR,"A HDR photograph of a moody mountain range, emphasizing natural light and balanced tones.",42716
long exposure,"A long exposure visual study of the misty jungle, exploring its radiant texture and lighting.",13763
minimalist composition,"A minimalist composition picture of the coral beach, taken from a high vantage point showing its moody beauty.",32879
monochrome,"A monochrome photography composition of the sunlit meadow, highlighting its icy environment.",29402
product,"A product landscape scene portraying a moody frozen river, with cinematic composition.",31765
pastel tone,A pastel tone photo series focusing on radiant landscapes like the autumn woodland.,16007
telephoto,"A telephoto photography piece showing the sunlit meadow, filled with mist-covered atmosphere.",35884
neon lighting,"A neon lighting inspired shot of the volcanic crater, emphasizing texture and dramatic atmosphere.",31674
blue hour,A blue hour photo highlighting the mysterious emotion of nature seen in the rolling hills.,47409
sepia tone,"A sepia tone inspired photograph of the coastal cliffs, composed with majestic balance and detail.",188
high contrast,A high contrast photograph of a frozen river bathed in luminous afternoon light and atmospheric tones.,13986
product,"A large-format product photo of a sun-drenched coral beach, realistic lighting and crisp detail.",22294
monochrome,"A monochrome inspired shot of the sunlit meadow, emphasizing texture and serene atmosphere.",36174
film grain,A film grain photo highlighting the softly lit emotion of nature seen in the sunlit meadow.,6238
bokeh,"In a bokeh mood, this image captures the shadowed serenity of the frozen river.",7384
muted colors,"A muted colors landscape scene of a stormy sea beneath luminous clouds, 8k resolution realism.",29982
astrophotography,A astrophotography view emphasizing melancholic patterns and contrast within the coral beach.,18229
fashion,"A fashion picture of the autumn woodland, taken from a high vantage point showing its mysterious beauty.",17120
landscape,"A landscape scenic capture portraying a tranquil serene lake, cinematic framing and tone.",5769
high saturation,"In a high saturation mood, this image captures the serene serenity of the city skyline.",22987
monochrome,"A detailed monochrome landscape image of the ancient ruins, radiating majestic energy and depth.",23808
high saturation,"A documentary-style high saturation image of the forest valley, deeply vivid and realistic.",10913
low light,"A low light photography piece showing the serene lake, filled with glowing atmosphere.",29001
underexposed,"A underexposed nature image of the sunlit meadow, blending mysterious light and composition.",13965
vintage,"A vintage exploration of the volcanic crater, revealing tranquil forms and light gradients.",20697
black-and-white,"A black-and-white capture of a vivid volcanic crater, rendered in photorealistic lighting.",38607
cinematic,"A cinematic fine-art photo illustrating the coral beach, subtle and glowing.",6800
street photography,"A street photography exploration of the forest valley, revealing radiant forms and light gradients.",5231
underexposed,"A underexposed landscape scene portraying a vivid volcanic crater, with cinematic composition.",12203
fashion,"An evocative fashion landscape photograph of the stormy sea, balanced and mysterious.",6940
soft focus,"A detailed soft focus landscape image of the hidden waterfall, radiating serene energy and depth.",12477
studio lighting,"A large-format studio lighting photo of a moody forest valley, realistic lighting and crisp detail.",7232
natural lighting,"A natural lighting art photograph of the stormy sea, with breathtaking framing and luminous tone.",1181
monochrome,"An artistic monochrome image showing a icy view of the tropical island, taken at sunrise.",9762
high saturation,A high saturation scenic shot portraying tranquil mountains and the hidden waterfall in harmony.,45262
dreamy,A dreamy panoramic capture showing the dramatic openness of the misty jungle.,33192
architectural,"A architectural scenic capture portraying a vivid frozen river, cinematic framing and tone.",2157
low light,A low light scenic shot portraying glowing mountains and the coastal cliffs in harmony.,20849
natural lighting,"A finely detailed natural lighting photograph of the frozen river, with glowing depth and perspective.",6751
documentary,An outdoor documentary photo portraying the misty jungle in golden natural tones.,3430
low light,"A low light nature image of the frozen river, blending vivid light and composition.",33063
long exposure,"In long exposure photography, a luminous depiction of the city skyline during twilight.",45251
landscape,"A landscape landscape scene of a misty jungle beneath melancholic clouds, 8k resolution realism.",35791
pastel tone,"Captured in pastel tone style, the stormy sea reveals its serene charm through subtle lighting.",39236
minimalist composition,A minimalist composition photograph focusing on the melancholic interplay between light and the sunlit meadow.,36458
sepia tone,"A carefully composed sepia tone photo of the coral beach, filled with sun-drenched tones.",15165
HDR,A HDR scenic shot portraying ethereal mountains and the city skyline in harmony.,29235
architectural,A architectural frame capturing luminous weather and mood around the dense pine forest.,46153
natural lighting,A natural lighting photograph depicting the majestic stillness of the ancient ruins at dawn.,23711
neon lighting,"A neon lighting landscape taken with mysterious precision, showing the ancient ruins in full glory.",5946
neon lighting,A scenic neon lighting landscape capturing the beauty of the coral beach under vivid skies.,3264
sepia tone,A detailed sepia tone image illustrating the frozen river with radiant lighting and tone.,27250
golden hour,A golden hour frame capturing tranquil weather and mood around the volcanic crater.,24244
architectural,A architectural frame capturing melancholic weather and mood around the city skyline.,18034
golden hour,"Captured in golden hour style, the rolling hills reveals its mysterious charm through subtle lighting.",32
infrared,"A infrared inspired photograph of the rocky canyon, composed with mist-covered balance and detail.",19200
overexposed,"A overexposed photography piece showing the desert dunes, filled with moody atmosphere.",21862
minimalist composition,"A nature photo taken in minimalist composition style, highlighting a majestic misty jungle with soft shadows.",31550
portrait,"A portrait landscape scene of a forest valley beneath mist-covered clouds, 8k resolution realism.",40765
HDR,"A finely detailed HDR photograph of the mountain range, with moody depth and perspective.",33610
high saturation,"A high saturation photography composition of the ancient ruins, highlighting its radiant environment.",10140
low light,"A low light picture of the tropical island, taken from a high vantage point showing its vivid beauty.",20766
black-and-white,"A black-and-white photograph of a tranquil rocky canyon, emphasizing natural light and balanced tones.",10370
golden hour,"A golden hour fine-art photo illustrating the stormy sea, subtle and radiant.",15985
landscape,"A large-format landscape photo of a majestic forest valley, realistic lighting and crisp detail.",14989
high contrast,"Captured in high contrast aesthetic, the tropical island appears shadowed against the horizon.",23329
overexposed,"A overexposed photograph of a vivid serene lake, emphasizing natural light and balanced tones.",33555
architectural,A architectural travel photo that captures the glowing essence of the tropical island.,35844
long exposure,A long exposure photograph of a volcanic crater bathed in shadowed afternoon light and atmospheric tones.,7797
fashion,A fashion photo highlighting the sun-drenched emotion of nature seen in the forest valley.,19382
minimalist composition,"Captured in minimalist composition aesthetic, the misty jungle appears radiant against the horizon.",3204
product,A product photograph of a misty jungle bathed in crisp afternoon light and atmospheric tones.,39744
astrophotography,"A astrophotography photography piece showing the ancient ruins, filled with luminous atmosphere.",18561
muted colors,"A large-format muted colors photo of a mist-covered sunlit meadow, realistic lighting and crisp detail.",26373
golden hour,"A golden hour image revealing the sun-drenched grandeur of the sunlit meadow, subtle yet powerful.",35394
wide-angle,"A wide-angle photography composition of the misty jungle, highlighting its luminous environment.",21169
fashion,"In a fashion mood, this image captures the breathtaking serenity of the coastal cliffs.",8610
portrait,A portrait photograph depicting the majestic stillness of the hidden waterfall at dawn.,2307
overexposed,"A overexposed capture of a icy rocky canyon, rendered in photorealistic lighting.",12701
architectural,"A architectural art photograph of the autumn woodland, with softly lit framing and luminous tone.",36614
fashion,"A fashion scenic capture portraying a shadowed desert dunes, cinematic framing and tone.",29342
minimalist,"An artistic minimalist image showing a serene view of the mountain range, taken at sunrise.",25959
monochrome,A monochrome creative landscape photograph featuring the golden beauty of the sunlit meadow.,20061
monochrome,"A monochrome nature image of the dense pine forest, blending shadowed light and composition.",3330
soft focus,"A soft focus capture of a moody coral beach, rendered in photorealistic lighting.",29123
low light,"A low light visual study of the hidden waterfall, exploring its serene texture and lighting.",27110
underexposed,"Captured in underexposed style, the dense pine forest reveals its shadowed charm through subtle lighting.",612
architectural,"In architectural photography, a glowing depiction of the volcanic crater during twilight.",42914
minimalist,"In minimalist style, a detailed shot of a crisp rolling hills surrounded by nature.",42028
black-and-white,"A black-and-white landscape scene of a mountain range beneath shadowed clouds, 8k resolution realism.",17951
documentary,"A large-format documentary photo of a shadowed serene lake, realistic lighting and crisp detail.",40746
cinematic,"A cinematic cinematic photograph of the ancient ruins, under tranquil evening light.",40844
sepia tone,A sepia tone panoramic capture showing the golden openness of the desert dunes.,26408
portrait,"A documentary-style portrait image of the frozen river, deeply ethereal and realistic.",4370
vintage,"A vintage visual study of the snowy meadow, exploring its serene texture and lighting.",796
landscape,A landscape creative landscape photograph featuring the radiant beauty of the snowy meadow.,21822
monochrome,"A monochrome outdoor shot of a forest valley, featuring radiant lighting and natural tones.",48129
overexposed,"A finely detailed overexposed photograph of the serene lake, with serene depth and perspective.",49149
golden hour,A scenic golden hour landscape capturing the beauty of the city skyline under tranquil skies.,17353
high contrast,"A high contrast art photograph of the dense pine forest, with tranquil framing and luminous tone.",11385
documentary,"A documentary photography piece showing the dense pine forest, filled with luminous atmosphere.",25275
vintage,A vintage photograph of a ancient ruins bathed in ethereal afternoon light and atmospheric tones.,14052
fashion,"A fashion landscape scene portraying a majestic stormy sea, with cinematic composition.",1225
documentary,"A documentary visual study of the autumn woodland, exploring its mist-covered texture and lighting.",26034
sepia tone,A sepia tone photograph of a serene lake bathed in vivid afternoon light and atmospheric tones.,5422
pastel tone,A pastel tone panoramic capture showing the ethereal openness of the stormy sea.,19221
black-and-white,"A large-format black-and-white photo of a glowing rolling hills, realistic lighting and crisp detail.",2488
HDR,"A HDR inspired photograph of the stormy sea, composed with moody balance and detail.",3012
black-and-white,"A documentary-style black-and-white image of the coral beach, deeply mist-covered and realistic.",9868
minimalist composition,"A minimalist composition landscape scene of a snowy meadow beneath glowing clouds, 8k resolution realism.",15550
dreamy,A dreamy frame capturing crisp weather and mood around the autumn woodland.,2027
sepia tone,"An evocative sepia tone landscape photograph of the autumn woodland, balanced and luminous.",10810
low light,"A low light photography composition of the tropical island, highlighting its serene environment.",45686
vintage,A vintage photograph of a rolling hills bathed in dramatic afternoon light and atmospheric tones.,37444
wide-angle,"A wide-angle fine-art photo illustrating the rolling hills, subtle and shadowed.",47693
macro,A macro frame capturing serene weather and mood around the misty jungle.,30060
macro,An outdoor macro photo portraying the coral beach in melancholic natural tones.,11204
infrared,An outdoor infrared photo portraying the autumn woodland in softly lit natural tones.,22762
monochrome,"A monochrome outdoor shot of a frozen river, featuring golden lighting and natural tones.",31098
street photography,"A street photography fine-art photo illustrating the tropical island, subtle and moody.",49180
minimalist,"A large-format minimalist photo of a majestic autumn woodland, realistic lighting and crisp detail.",25818
studio lighting,A studio lighting photograph focusing on the tranquil interplay between light and the frozen river.,30920
dreamy,"A cinematic dreamy photograph of the autumn woodland, under softly lit evening light.",35755
pastel tone,"Captured in pastel tone style, the ancient ruins reveals its mist-covered charm through subtle lighting.",48613
neon lighting,"A detailed neon lighting landscape image of the ancient ruins, radiating mist-covered energy and depth.",24131
product,"A product inspired shot of the coral beach, emphasizing texture and mist-covered atmosphere.",25728
infrared,"A infrared photograph showing the dense pine forest, rendered in vivid clarity.",42470
golden hour,"A golden hour image revealing the ethereal grandeur of the snowy meadow, subtle yet powerful.",42325
landscape,"A landscape photograph of a moody dense pine forest, emphasizing natural light and balanced tones.",8746
cinematic,A cinematic photo series focusing on tranquil landscapes like the frozen river.,49397
architectural,"A cinematic architectural photograph of the city skyline, under luminous evening light.",47712
vintage,A scenic vintage landscape capturing the beauty of the ancient ruins under serene skies.,4040
pastel tone,"A pastel tone picture of the misty jungle, taken from a high vantage point showing its crisp beauty.",22286
street photography,"A street photography inspired shot of the rolling hills, emphasizing texture and mist-covered atmosphere.",13989
macro,"A macro capture of a sun-drenched sunlit meadow, rendered in photorealistic lighting.",11395
neon lighting,"A neon lighting art photograph of the mountain range, with mist-covered framing and luminous tone.",83
sepia tone,A sepia tone photo series focusing on sun-drenched landscapes like the forest valley.,23778
documentary,"A documentary photo of the ancient ruins, rich in texture and crisp atmosphere.",1779
sepia tone,A sepia tone frame capturing luminous weather and mood around the mountain range.,14173
macro,A macro photograph of a tropical island bathed in crisp afternoon light and atmospheric tones.,28985
sepia tone,"A sepia tone inspired photograph of the rolling hills, composed with serene balance and detail.",363
muted colors,"A muted colors exploration of the frozen river, revealing golden forms and light gradients.",20177
black-and-white,"A black-and-white exploration of the coastal cliffs, revealing serene forms and light gradients.",25456
underexposed,"An evocative underexposed landscape photograph of the sunlit meadow, balanced and vivid.",12325
bokeh,"A bokeh photograph of a golden mountain range, emphasizing natural light and balanced tones.",19457
black-and-white,"In black-and-white style, a detailed shot of a breathtaking stormy sea surrounded by nature.",3018
fashion,"A detailed fashion landscape image of the autumn woodland, radiating melancholic energy and depth.",45105
architectural,"A architectural photograph showing the tropical island, rendered in dramatic clarity.",32539
soft focus,"A soft focus picture of the city skyline, taken from a high vantage point showing its serene beauty.",5656
dreamy,A dreamy photo highlighting the icy emotion of nature seen in the rocky canyon.,39075
soft focus,A soft focus creative landscape photograph featuring the ethereal beauty of the forest valley.,34006
infrared,"A infrared photo of the snowy meadow, rich in texture and dramatic atmosphere.",11301
product,A product photo series focusing on serene landscapes like the sunlit meadow.,48815
minimalist composition,"A minimalist composition photo of the city skyline, rich in texture and icy atmosphere.",16677
infrared,"A infrared image revealing the dramatic grandeur of the serene lake, subtle yet powerful.",25022
documentary,A documentary panoramic capture showing the icy openness of the city skyline.,39917
surreal,A scenic surreal landscape capturing the beauty of the forest valley under golden skies.,2082
product,"Captured in product style, the coral beach reveals its dramatic charm through subtle lighting.",43543
studio lighting,A studio lighting creative landscape photograph featuring the vivid beauty of the misty jungle.,3281
astrophotography,A astrophotography view emphasizing icy patterns and contrast within the stormy sea.,46861
minimalist composition,An outdoor minimalist composition photo portraying the forest valley in melancholic natural tones.,44128
cinematic,A cinematic panoramic capture showing the serene openness of the snowy meadow.,554
black-and-white,"Captured in black-and-white style, the serene lake reveals its crisp charm through subtle lighting.",20260
blue hour,"A nature photo taken in blue hour style, highlighting a mysterious hidden waterfall with soft shadows.",13960
dreamy,"A dreamy exploration of the misty jungle, revealing golden forms and light gradients.",24520
high contrast,"A high contrast photo of the misty jungle, rich in texture and melancholic atmosphere.",25188
food,"A nature photo taken in food style, highlighting a dramatic ancient ruins with soft shadows.",17100
astrophotography,A astrophotography creative landscape photograph featuring the golden beauty of the hidden waterfall.,2613
telephoto,"A telephoto outdoor shot of a sunlit meadow, featuring dramatic lighting and natural tones.",36239
vintage,"A vintage picture of the ancient ruins, taken from a high vantage point showing its golden beauty.",14562
monochrome,A monochrome frame capturing icy weather and mood around the serene lake.,14116
wide-angle,A wide-angle creative landscape photograph featuring the sun-drenched beauty of the coastal cliffs.,20625
monochrome,"A monochrome scenic capture portraying a dramatic snowy meadow, cinematic framing and tone.",21726
portrait,"A portrait capture of a tranquil dense pine forest, rendered in photorealistic lighting.",7906
natural lighting,"A natural lighting outdoor shot of a city skyline, featuring crisp lighting and natural tones.",33774
cinematic,"A cinematic photograph showing the city skyline, rendered in luminous clarity.",2659
macro,"A macro photo of the autumn woodland, rich in texture and mist-covered atmosphere.",45232
macro,"A macro photograph of a mysterious coastal cliffs, emphasizing natural light and balanced tones.",38069
low light,"A cinematic low light photograph of the mountain range, under crisp evening light.",13742
sepia tone,"A sepia tone inspired photograph of the ancient ruins, composed with tranquil balance and detail.",31585
dreamy,"A dreamy nature image of the sunlit meadow, blending shadowed light and composition.",32188
fashion,"A fashion outdoor shot of a volcanic crater, featuring icy lighting and natural tones.",9939
underexposed,"A underexposed inspired photograph of the desert dunes, composed with radiant balance and detail.",15220
golden hour,"A golden hour capture of a sun-drenched stormy sea, rendered in photorealistic lighting.",42135
telephoto,"An artistic telephoto image showing a melancholic view of the volcanic crater, taken at sunrise.",10176
food,"A food inspired photograph of the coral beach, composed with ethereal balance and detail.",32301
pastel tone,"A pastel tone photography composition of the dense pine forest, highlighting its icy environment.",44091
fisheye,"A fisheye landscape scene of a volcanic crater beneath shadowed clouds, 8k resolution realism.",3957
fashion,"A nature photo taken in fashion style, highlighting a mysterious stormy sea with soft shadows.",23336
fisheye,"In fisheye style, a detailed shot of a serene tropical island surrounded by nature.",24326
soft focus,"An evocative soft focus landscape photograph of the sunlit meadow, balanced and moody.",38628
fisheye,A fisheye photograph of a coral beach bathed in moody afternoon light and atmospheric tones.,18463
minimalist,"A cinematic minimalist photograph of the rolling hills, under dramatic evening light.",28896
high contrast,"In high contrast style, a detailed shot of a golden volcanic crater surrounded by nature.",40525
infrared,"A infrared exploration of the tropical island, revealing tranquil forms and light gradients.",19898
high saturation,"A cinematic high saturation photograph of the mountain range, under breathtaking evening light.",38018
sepia tone,"A sepia tone outdoor shot of a snowy meadow, featuring ethereal lighting and natural tones.",23863
dreamy,"A dreamy picture of the dense pine forest, taken from a high vantage point showing its moody beauty.",11806
fisheye,"A fisheye landscape scene portraying a luminous dense pine forest, with cinematic composition.",17208
pastel tone,"A cinematic pastel tone photograph of the serene lake, under melancholic evening light.",19737
neon lighting,"An artistic neon lighting image showing a tranquil view of the coastal cliffs, taken at sunrise.",8592
sepia tone,"In a sepia tone mood, this image captures the shadowed serenity of the dense pine forest.",18446
high contrast,"A wide panoramic high contrast view of a tranquil coastal cliffs, emphasizing scale and tranquility.",15827
fashion,"A detailed fashion landscape image of the forest valley, radiating vivid energy and depth.",25004
neon lighting,A neon lighting view emphasizing vivid patterns and contrast within the rocky canyon.,11431
portrait,A portrait travel photo that captures the mysterious essence of the mountain range.,43548
natural lighting,"An evocative natural lighting landscape photograph of the coral beach, balanced and golden.",27581
product,"A product inspired photograph of the snowy meadow, composed with breathtaking balance and detail.",11279
natural lighting,"A natural lighting landscape scene of a sunlit meadow beneath moody clouds, 8k resolution realism.",43105
fashion,"A fashion visual study of the mountain range, exploring its serene texture and lighting.",27347
macro,"A nature photo taken in macro style, highlighting a icy sunlit meadow with soft shadows.",4843
long exposure,A long exposure photograph focusing on the mysterious interplay between light and the rocky canyon.,22966
vintage,"A vintage landscape scene portraying a serene misty jungle, with cinematic composition.",43128
macro,A macro photo highlighting the radiant emotion of nature seen in the dense pine forest.,503
portrait,A scenic portrait landscape capturing the beauty of the city skyline under dramatic skies.,709
infrared,"A cinematic infrared photograph of the desert dunes, under vivid evening light.",34696
infrared,"A infrared inspired photograph of the rolling hills, composed with tranquil balance and detail.",18994
studio lighting,"A studio lighting scenic capture portraying a glowing desert dunes, cinematic framing and tone.",41177
high contrast,"A high contrast fine-art photo illustrating the frozen river, subtle and shadowed.",3360
surreal,"In surreal photography, a icy depiction of the sunlit meadow during twilight.",41129
food,"A food photography piece showing the stormy sea, filled with shadowed atmosphere.",44946
blue hour,"A documentary-style blue hour image of the forest valley, deeply tranquil and realistic.",40406
high contrast,"A carefully composed high contrast photo of the desert dunes, filled with softly lit tones.",12288
sepia tone,"A sepia tone landscape scene of a coral beach beneath mist-covered clouds, 8k resolution realism.",17617
portrait,"A portrait inspired shot of the serene lake, emphasizing texture and golden atmosphere.",6763
overexposed,"A overexposed photograph of a dramatic rocky canyon, emphasizing natural light and balanced tones.",2696
studio lighting,"A studio lighting fine-art photo illustrating the autumn woodland, subtle and melancholic.",22975
pastel tone,A scenic pastel tone landscape capturing the beauty of the dense pine forest under breathtaking skies.,30964
portrait,"A documentary-style portrait image of the snowy meadow, deeply sun-drenched and realistic.",12499
dreamy,"In a dreamy mood, this image captures the serene serenity of the sunlit meadow.",47410
studio lighting,A studio lighting photograph focusing on the softly lit interplay between light and the misty jungle.,20553
low light,"Captured in low light aesthetic, the serene lake appears golden against the horizon.",21041
macro,"A macro landscape scene of a volcanic crater beneath glowing clouds, 8k resolution realism.",48149
wide-angle,A wide-angle view emphasizing mist-covered patterns and contrast within the forest valley.,41491
fisheye,"A nature photo taken in fisheye style, highlighting a luminous misty jungle with soft shadows.",46747
low light,"A low light nature image of the serene lake, blending vivid light and composition.",332
telephoto,"A telephoto picture of the coral beach, taken from a high vantage point showing its majestic beauty.",26952
HDR,"A large-format HDR photo of a sun-drenched ancient ruins, realistic lighting and crisp detail.",46179
golden hour,"A golden hour photo of the ancient ruins, rich in texture and golden atmosphere.",6667
surreal,A surreal photograph of a mountain range bathed in vivid afternoon light and atmospheric tones.,10116
vintage,"A vintage fine-art photo illustrating the rocky canyon, subtle and mysterious.",36225
infrared,"In infrared photography, a moody depiction of the rolling hills during twilight.",42455
portrait,"A portrait photography piece showing the stormy sea, filled with sun-drenched atmosphere.",17099
fashion,"An evocative fashion landscape photograph of the volcanic crater, balanced and ethereal.",49413
dreamy,"A dreamy art photograph of the city skyline, with mist-covered framing and luminous tone.",6656
high contrast,"A high contrast picture of the snowy meadow, taken from a high vantage point showing its icy beauty.",37392
fashion,A fashion photograph of a tropical island bathed in glowing afternoon light and atmospheric tones.,19327
high contrast,A high contrast creative landscape photograph featuring the golden beauty of the rocky canyon.,20301
fashion,"An evocative fashion landscape photograph of the ancient ruins, balanced and moody.",23782
monochrome,"A monochrome capture of a softly lit misty jungle, rendered in photorealistic lighting.",27147
product,A product frame capturing glowing weather and mood around the desert dunes.,4361
macro,A macro scenic shot portraying shadowed mountains and the mountain range in harmony.,18410
underexposed,"A underexposed landscape scene portraying a majestic coastal cliffs, with cinematic composition.",40857
HDR,"A HDR photography composition of the forest valley, highlighting its shadowed environment.",36247
long exposure,"A long exposure picture of the tropical island, taken from a high vantage point showing its radiant beauty.",18809
golden hour,"A large-format golden hour photo of a crisp hidden waterfall, realistic lighting and crisp detail.",6666
architectural,"A nature photo taken in architectural style, highlighting a glowing mountain range with soft shadows.",1748
studio lighting,A studio lighting photo series focusing on mysterious landscapes like the stormy sea.,20676
HDR,A HDR panoramic capture showing the serene openness of the stormy sea.,37909
portrait,"In portrait style, a detailed shot of a shadowed sunlit meadow surrounded by nature.",17293
documentary,A documentary frame capturing crisp weather and mood around the volcanic crater.,4248
fisheye,"A fisheye inspired photograph of the sunlit meadow, composed with icy balance and detail.",36823
overexposed,"A overexposed landscape scene portraying a melancholic misty jungle, with cinematic composition.",11060
street photography,"A street photography photography piece showing the stormy sea, filled with melancholic atmosphere.",44423
film grain,"A film grain landscape taken with majestic precision, showing the rolling hills in full glory.",27652
dreamy,A dreamy creative landscape photograph featuring the melancholic beauty of the coral beach.,41774
wide-angle,"A wide-angle photography piece showing the autumn woodland, filled with glowing atmosphere.",27475
product,"In a product mood, this image captures the sun-drenched serenity of the frozen river.",47678
dreamy,"A dreamy scenic capture portraying a icy desert dunes, cinematic framing and tone.",37182
HDR,A HDR scenic shot portraying glowing mountains and the dense pine forest in harmony.,28867
fisheye,A fisheye scenic shot portraying tranquil mountains and the rocky canyon in harmony.,8570
landscape,"A landscape photograph showing the forest valley, rendered in luminous clarity.",18497
high contrast,"A high contrast photograph of a icy tropical island, emphasizing natural light and balanced tones.",8918
bokeh,"A carefully composed bokeh photo of the snowy meadow, filled with serene tones.",28243
golden hour,"In golden hour photography, a serene depiction of the coastal cliffs during twilight.",32756
natural lighting,"A natural lighting image revealing the icy grandeur of the coral beach, subtle yet powerful.",40526
fashion,"A fashion art photograph of the rocky canyon, with majestic framing and luminous tone.",44431
monochrome,A monochrome scenic shot portraying softly lit mountains and the autumn woodland in harmony.,46333
infrared,"A infrared image revealing the breathtaking grandeur of the autumn woodland, subtle yet powerful.",22707
sepia tone,"A sepia tone picture of the sunlit meadow, taken from a high vantage point showing its moody beauty.",18369
monochrome,"A cinematic monochrome photograph of the rolling hills, under ethereal evening light.",12490
telephoto,"A telephoto photography piece showing the desert dunes, filled with luminous atmosphere.",15620
high saturation,"A high saturation fine-art photo illustrating the coastal cliffs, subtle and vivid.",22783
minimalist,A minimalist creative landscape photograph featuring the dramatic beauty of the autumn woodland.,16954
film grain,"A film grain photograph of a melancholic ancient ruins, emphasizing natural light and balanced tones.",9992
architectural,"A finely detailed architectural photograph of the rocky canyon, with sun-drenched depth and perspective.",42852
street photography,"In street photography fashion, the stormy sea is shown in crisp hues and natural gradients.",44559
dreamy,"A dreamy art photograph of the rocky canyon, with mist-covered framing and luminous tone.",10332
studio lighting,"A studio lighting picture of the mountain range, taken from a high vantage point showing its icy beauty.",19298
neon lighting,A neon lighting photograph of a city skyline bathed in crisp afternoon light and atmospheric tones.,22676
cinematic,"Captured in cinematic style, the tropical island reveals its dramatic charm through subtle lighting.",41193
soft focus,An outdoor soft focus photo portraying the hidden waterfall in mysterious natural tones.,20587
pastel tone,"A pastel tone visual study of the snowy meadow, exploring its crisp texture and lighting.",12721
film grain,"In a film grain mood, this image captures the moody serenity of the dense pine forest.",48675
architectural,"Captured in architectural style, the volcanic crater reveals its melancholic charm through subtle lighting.",34252
blue hour,A blue hour panoramic capture showing the majestic openness of the serene lake.,45298
monochrome,"A monochrome landscape taken with shadowed precision, showing the frozen river in full glory.",45611
dreamy,A dreamy scenic shot portraying serene mountains and the snowy meadow in harmony.,42696
telephoto,"Captured in telephoto style, the coastal cliffs reveals its melancholic charm through subtle lighting.",44345
food,"A food photograph of a moody stormy sea, emphasizing natural light and balanced tones.",33048
muted colors,"A carefully composed muted colors photo of the dense pine forest, filled with majestic tones.",35806
minimalist,A minimalist travel photo that captures the dramatic essence of the stormy sea.,32428
cinematic,A cinematic scenic shot portraying mist-covered mountains and the rocky canyon in harmony.,35682
high contrast,"A finely detailed high contrast photograph of the desert dunes, with luminous depth and perspective.",32450
cinematic,"Captured in cinematic aesthetic, the rocky canyon appears sun-drenched against the horizon.",27534
vintage,"A vintage inspired shot of the misty jungle, emphasizing texture and icy atmosphere.",6953
film grain,"A film grain photo of the snowy meadow, rich in texture and crisp atmosphere.",39251
muted colors,"Captured in muted colors aesthetic, the stormy sea appears ethereal against the horizon.",14249
film grain,"Captured in film grain style, the autumn woodland reveals its breathtaking charm through subtle lighting.",11455
dreamy,A dreamy panoramic capture showing the radiant openness of the forest valley.,45760
macro,"A macro inspired photograph of the dense pine forest, composed with golden balance and detail.",27677
minimalist composition,"An artistic minimalist composition image showing a breathtaking view of the forest valley, taken at sunrise.",1445
vintage,"A vintage scenic capture portraying a serene snowy meadow, cinematic framing and tone.",8553
low light,An outdoor low light photo portraying the sunlit meadow in icy natural tones.,44097
bokeh,"A cinematic bokeh photograph of the coral beach, under ethereal evening light.",45345
overexposed,A overexposed photograph focusing on the melancholic interplay between light and the desert dunes.,38994
golden hour,"A golden hour photograph showing the city skyline, rendered in softly lit clarity.",48994
bokeh,"A bokeh exploration of the stormy sea, revealing golden forms and light gradients.",19113
product,"A product photograph of a moody hidden waterfall, emphasizing natural light and balanced tones.",40561
natural lighting,"In natural lighting photography, a sun-drenched depiction of the city skyline during twilight.",47788
portrait,A detailed portrait image illustrating the serene lake with majestic lighting and tone.,44987
black-and-white,A detailed black-and-white image illustrating the coastal cliffs with moody lighting and tone.,2738
documentary,"An artistic documentary image showing a melancholic view of the coastal cliffs, taken at sunrise.",4398
studio lighting,"A detailed studio lighting landscape image of the snowy meadow, radiating majestic energy and depth.",10769
telephoto,A telephoto view emphasizing golden patterns and contrast within the mountain range.,41622
soft focus,"A soft focus nature image of the tropical island, blending mist-covered light and composition.",31698
long exposure,"A long exposure photography composition of the sunlit meadow, highlighting its softly lit environment.",9102
astrophotography,A detailed astrophotography image illustrating the snowy meadow with serene lighting and tone.,49259
bokeh,"A bokeh art photograph of the snowy meadow, with crisp framing and luminous tone.",19173
studio lighting,"A large-format studio lighting photo of a breathtaking rolling hills, realistic lighting and crisp detail.",5408
muted colors,"A muted colors art photograph of the coral beach, with vivid framing and luminous tone.",8364
macro,A macro scenic shot portraying luminous mountains and the stormy sea in harmony.,48154
dreamy,"A dreamy photograph showing the rolling hills, rendered in radiant clarity.",25634
natural lighting,"A natural lighting visual study of the hidden waterfall, exploring its crisp texture and lighting.",7561
landscape,A landscape photograph depicting the sun-drenched stillness of the city skyline at dawn.,27080
high contrast,"A high contrast capture of a shadowed serene lake, rendered in photorealistic lighting.",23296
fashion,"A fashion fine-art photo illustrating the city skyline, subtle and melancholic.",18597
fisheye,"An artistic fisheye image showing a ethereal view of the mountain range, taken at sunrise.",39380
dreamy,"A dreamy photography composition of the frozen river, highlighting its dramatic environment.",3579
long exposure,"An artistic long exposure image showing a moody view of the hidden waterfall, taken at sunrise.",30705
soft focus,"A soft focus inspired shot of the sunlit meadow, emphasizing texture and serene atmosphere.",379
bokeh,"In bokeh fashion, the frozen river is shown in crisp hues and natural gradients.",10976
architectural,"An artistic architectural image showing a ethereal view of the rocky canyon, taken at sunrise.",23393
black-and-white,"In black-and-white style, a detailed shot of a radiant forest valley surrounded by nature.",15691
macro,A scenic macro landscape capturing the beauty of the frozen river under moody skies.,12189
cinematic,"A cinematic photo of the autumn woodland, rich in texture and luminous atmosphere.",40754
pastel tone,A pastel tone panoramic capture showing the vivid openness of the forest valley.,42808
overexposed,A overexposed view emphasizing melancholic patterns and contrast within the misty jungle.,8130
cinematic,"A detailed cinematic landscape image of the serene lake, radiating melancholic energy and depth.",12369
surreal,"A surreal nature image of the ancient ruins, blending serene light and composition.",45844
dreamy,"A large-format dreamy photo of a crisp rolling hills, realistic lighting and crisp detail.",15975
fisheye,"In fisheye style, a detailed shot of a crisp hidden waterfall surrounded by nature.",32719
low light,"A low light nature image of the coral beach, blending tranquil light and composition.",34911
product,"A nature photo taken in product style, highlighting a tranquil forest valley with soft shadows.",36780
low light,"A low light image revealing the luminous grandeur of the frozen river, subtle yet powerful.",43213
film grain,"A film grain fine-art photo illustrating the desert dunes, subtle and mist-covered.",24369
muted colors,A muted colors photograph depicting the melancholic stillness of the stormy sea at dawn.,14961
minimalist,A minimalist photograph of a city skyline bathed in glowing afternoon light and atmospheric tones.,26625
astrophotography,"A astrophotography photography composition of the tropical island, highlighting its breathtaking environment.",44931
infrared,"A nature photo taken in infrared style, highlighting a luminous mountain range with soft shadows.",48809
architectural,"A documentary-style architectural image of the hidden waterfall, deeply serene and realistic.",24961
wide-angle,"Captured in wide-angle aesthetic, the sunlit meadow appears serene against the horizon.",15456
astrophotography,A detailed astrophotography image illustrating the stormy sea with sun-drenched lighting and tone.,26463
overexposed,"A overexposed photograph showing the misty jungle, rendered in sun-drenched clarity.",21491
wide-angle,"A wide-angle landscape scene of a hidden waterfall beneath mist-covered clouds, 8k resolution realism.",20385
infrared,"A detailed infrared landscape image of the stormy sea, radiating dramatic energy and depth.",46248
high saturation,"A high saturation capture of a crisp dense pine forest, rendered in photorealistic lighting.",11290
product,"A cinematic product photograph of the sunlit meadow, under sun-drenched evening light.",12200
wide-angle,"A documentary-style wide-angle image of the volcanic crater, deeply dramatic and realistic.",29824
astrophotography,"A wide panoramic astrophotography view of a softly lit autumn woodland, emphasizing scale and tranquility.",6198
film grain,A detailed film grain image illustrating the coastal cliffs with crisp lighting and tone.,12128
blue hour,A scenic blue hour landscape capturing the beauty of the ancient ruins under shadowed skies.,28233
infrared,A infrared view emphasizing shadowed patterns and contrast within the hidden waterfall.,13101
vintage,A vintage panoramic capture showing the serene openness of the hidden waterfall.,48542
low light,A low light scenic shot portraying tranquil mountains and the autumn woodland in harmony.,12971
bokeh,"A bokeh capture of a crisp tropical island, rendered in photorealistic lighting.",10627
long exposure,"A large-format long exposure photo of a ethereal stormy sea, realistic lighting and crisp detail.",421
HDR,"A HDR inspired shot of the frozen river, emphasizing texture and mist-covered atmosphere.",27040
architectural,"A carefully composed architectural photo of the coastal cliffs, filled with crisp tones.",44053
underexposed,"A underexposed photography composition of the forest valley, highlighting its luminous environment.",7388
landscape,"A landscape inspired shot of the misty jungle, emphasizing texture and mysterious atmosphere.",46971
documentary,"A documentary photo of the misty jungle, rich in texture and mysterious atmosphere.",6107
minimalist,"A minimalist fine-art photo illustrating the coral beach, subtle and crisp.",39682
natural lighting,"A large-format natural lighting photo of a majestic city skyline, realistic lighting and crisp detail.",20923
golden hour,"A golden hour fine-art photo illustrating the coastal cliffs, subtle and moody.",42159
studio lighting,"A studio lighting photography piece showing the autumn woodland, filled with mysterious atmosphere.",12611
neon lighting,"A neon lighting picture of the dense pine forest, taken from a high vantage point showing its sun-drenched beauty.",35035
documentary,"An artistic documentary image showing a mist-covered view of the dense pine forest, taken at sunrise.",30064
minimalist composition,"A minimalist composition photograph of a vivid sunlit meadow, emphasizing natural light and balanced tones.",10600
sepia tone,"A cinematic sepia tone photograph of the hidden waterfall, under glowing evening light.",39797
monochrome,A scenic monochrome landscape capturing the beauty of the tropical island under golden skies.,3432
vintage,"A vintage nature image of the volcanic crater, blending vivid light and composition.",34779
macro,"A macro landscape taken with tranquil precision, showing the hidden waterfall in full glory.",23920
documentary,A documentary creative landscape photograph featuring the serene beauty of the sunlit meadow.,20095
sepia tone,"Captured in sepia tone style, the desert dunes reveals its majestic charm through subtle lighting.",36447
landscape,"A landscape visual study of the rocky canyon, exploring its radiant texture and lighting.",15400
long exposure,"An artistic long exposure image showing a crisp view of the mountain range, taken at sunrise.",16174
high saturation,A high saturation view emphasizing shadowed patterns and contrast within the dense pine forest.,7609
landscape,"A landscape fine-art photo illustrating the city skyline, subtle and shadowed.",29003
minimalist composition,"A documentary-style minimalist composition image of the misty jungle, deeply breathtaking and realistic.",3327
street photography,"A nature photo taken in street photography style, highlighting a ethereal forest valley with soft shadows.",27671
golden hour,"In golden hour photography, a serene depiction of the coral beach during twilight.",3486
soft focus,A soft focus travel photo that captures the radiant essence of the hidden waterfall.,9627
HDR,A detailed HDR image illustrating the snowy meadow with tranquil lighting and tone.,17601
muted colors,"A muted colors landscape scene portraying a crisp rolling hills, with cinematic composition.",14768
infrared,A scenic infrared landscape capturing the beauty of the rolling hills under melancholic skies.,17302
black-and-white,"A black-and-white exploration of the forest valley, revealing tranquil forms and light gradients.",47717
documentary,"An artistic documentary image showing a radiant view of the rolling hills, taken at sunrise.",2043
portrait,"A finely detailed portrait photograph of the mountain range, with softly lit depth and perspective.",27200
soft focus,"In soft focus fashion, the serene lake is shown in vivid hues and natural gradients.",14274
telephoto,"In a telephoto mood, this image captures the vivid serenity of the frozen river.",43158
blue hour,"A documentary-style blue hour image of the tropical island, deeply sun-drenched and realistic.",19302
portrait,A portrait creative landscape photograph featuring the vivid beauty of the coral beach.,12539
long exposure,"A long exposure photograph of a majestic forest valley, emphasizing natural light and balanced tones.",25226
bokeh,A bokeh panoramic capture showing the dramatic openness of the frozen river.,12252
HDR,A HDR photo highlighting the serene emotion of nature seen in the hidden waterfall.,39468
telephoto,A scenic telephoto landscape capturing the beauty of the rolling hills under sun-drenched skies.,40677
architectural,"A detailed architectural landscape image of the autumn woodland, radiating softly lit energy and depth.",12694
natural lighting,"A natural lighting scenic capture portraying a majestic coral beach, cinematic framing and tone.",47431
bokeh,"A bokeh nature image of the autumn woodland, blending icy light and composition.",195
pastel tone,"In pastel tone style, a detailed shot of a sun-drenched tropical island surrounded by nature.",4334
low light,"A low light inspired shot of the volcanic crater, emphasizing texture and softly lit atmosphere.",12780
infrared,A infrared photo series focusing on ethereal landscapes like the coastal cliffs.,7516
bokeh,A bokeh panoramic capture showing the sun-drenched openness of the hidden waterfall.,40112
overexposed,A overexposed creative landscape photograph featuring the mist-covered beauty of the dense pine forest.,44337
overexposed,"In a overexposed mood, this image captures the golden serenity of the serene lake.",37302
portrait,"A portrait inspired shot of the stormy sea, emphasizing texture and mysterious atmosphere.",25326
infrared,"In a infrared mood, this image captures the crisp serenity of the mountain range.",34050
product,A product travel photo that captures the glowing essence of the coral beach.,49084
pastel tone,"A pastel tone landscape scene of a volcanic crater beneath melancholic clouds, 8k resolution realism.",17477
golden hour,"A golden hour nature image of the ancient ruins, blending glowing light and composition.",45097
blue hour,"A blue hour landscape taken with radiant precision, showing the autumn woodland in full glory.",38435
studio lighting,"A studio lighting photography piece showing the tropical island, filled with vivid atmosphere.",17548
surreal,A scenic surreal landscape capturing the beauty of the forest valley under vivid skies.,15174
minimalist composition,"A minimalist composition photography composition of the misty jungle, highlighting its shadowed environment.",7541
low light,"A low light landscape taken with crisp precision, showing the desert dunes in full glory.",40961
neon lighting,A neon lighting view emphasizing breathtaking patterns and contrast within the coral beach.,7557
vintage,"A wide panoramic vintage view of a breathtaking rolling hills, emphasizing scale and tranquility.",32797
macro,A macro creative landscape photograph featuring the majestic beauty of the desert dunes.,28047
minimalist composition,"A minimalist composition inspired shot of the city skyline, emphasizing texture and majestic atmosphere.",20979
cinematic,A cinematic scenic shot portraying icy mountains and the stormy sea in harmony.,9919
neon lighting,"A nature photo taken in neon lighting style, highlighting a radiant serene lake with soft shadows.",41896
pastel tone,"A pastel tone art photograph of the rolling hills, with mysterious framing and luminous tone.",46629
natural lighting,"An evocative natural lighting landscape photograph of the snowy meadow, balanced and vivid.",10187
telephoto,A telephoto travel photo that captures the mysterious essence of the rocky canyon.,39988
street photography,"A detailed street photography landscape image of the serene lake, radiating majestic energy and depth.",34545
natural lighting,"A cinematic natural lighting photograph of the frozen river, under vivid evening light.",5133
film grain,"A film grain photography piece showing the misty jungle, filled with luminous atmosphere.",36438
studio lighting,"A cinematic studio lighting photograph of the tropical island, under glowing evening light.",8512
cinematic,"A cinematic photograph showing the ancient ruins, rendered in breathtaking clarity.",46657
black-and-white,"A black-and-white inspired photograph of the misty jungle, composed with sun-drenched balance and detail.",28516
film grain,"In film grain style, a detailed shot of a mysterious rocky canyon surrounded by nature.",18148
blue hour,"Captured in blue hour style, the coral beach reveals its melancholic charm through subtle lighting.",40269
architectural,"A cinematic architectural photograph of the serene lake, under mist-covered evening light.",17834
overexposed,"A overexposed image revealing the radiant grandeur of the misty jungle, subtle yet powerful.",12391
astrophotography,"A documentary-style astrophotography image of the tropical island, deeply golden and realistic.",44763
fashion,"A finely detailed fashion photograph of the city skyline, with luminous depth and perspective.",13067
documentary,"In documentary style, a detailed shot of a luminous dense pine forest surrounded by nature.",32674
underexposed,"A underexposed photo of the stormy sea, rich in texture and dramatic atmosphere.",35430
product,"A product photography piece showing the mountain range, filled with luminous atmosphere.",7969
minimalist composition,"A finely detailed minimalist composition photograph of the misty jungle, with moody depth and perspective.",27321
architectural,"A architectural art photograph of the city skyline, with tranquil framing and luminous tone.",8033
macro,"A macro outdoor shot of a coastal cliffs, featuring icy lighting and natural tones.",26925
neon lighting,A neon lighting view emphasizing shadowed patterns and contrast within the stormy sea.,42891
wide-angle,A wide-angle creative landscape photograph featuring the moody beauty of the volcanic crater.,43038
black-and-white,A black-and-white photo highlighting the mist-covered emotion of nature seen in the hidden waterfall.,11636
monochrome,A monochrome photograph depicting the luminous stillness of the ancient ruins at dawn.,5113
wide-angle,"A wide-angle inspired photograph of the serene lake, composed with sun-drenched balance and detail.",40000
surreal,A surreal view emphasizing mist-covered patterns and contrast within the tropical island.,30799
portrait,"A portrait photography piece showing the frozen river, filled with icy atmosphere.",42300
bokeh,"A nature photo taken in bokeh style, highlighting a moody dense pine forest with soft shadows.",26360
documentary,"A documentary landscape scene portraying a dramatic tropical island, with cinematic composition.",43612
telephoto,"A telephoto landscape taken with tranquil precision, showing the serene lake in full glory.",46981
street photography,"A street photography landscape scene portraying a luminous volcanic crater, with cinematic composition.",3165
muted colors,A muted colors photograph focusing on the ethereal interplay between light and the misty jungle.,26844
landscape,"A landscape landscape taken with softly lit precision, showing the city skyline in full glory.",13196
monochrome,"A monochrome photography composition of the forest valley, highlighting its mist-covered environment.",26934
high contrast,"A high contrast photography piece showing the desert dunes, filled with dramatic atmosphere.",303
monochrome,"A monochrome photograph of a glowing sunlit meadow, emphasizing natural light and balanced tones.",6660
soft focus,An outdoor soft focus photo portraying the snowy meadow in luminous natural tones.,19728
bokeh,A bokeh creative landscape photograph featuring the vivid beauty of the snowy meadow.,14687
telephoto,"A telephoto photograph of a mist-covered misty jungle, emphasizing natural light and balanced tones.",37667
street photography,"A street photography scenic capture portraying a tranquil frozen river, cinematic framing and tone.",20940
pastel tone,"A finely detailed pastel tone photograph of the forest valley, with ethereal depth and perspective.",29119
fashion,"In fashion style, a detailed shot of a mysterious rolling hills surrounded by nature.",48363
blue hour,"An evocative blue hour landscape photograph of the tropical island, balanced and radiant.",10685
architectural,"A large-format architectural photo of a crisp ancient ruins, realistic lighting and crisp detail.",14691
muted colors,A muted colors view emphasizing crisp patterns and contrast within the frozen river.,671
natural lighting,"A natural lighting art photograph of the forest valley, with luminous framing and luminous tone.",4783
vintage,"A vintage landscape scene portraying a shadowed sunlit meadow, with cinematic composition.",46291
sepia tone,An outdoor sepia tone photo portraying the mountain range in radiant natural tones.,18422
golden hour,A golden hour photo series focusing on majestic landscapes like the stormy sea.,23417
natural lighting,"A natural lighting photo of the tropical island, rich in texture and crisp atmosphere.",12831
infrared,"A infrared image revealing the luminous grandeur of the snowy meadow, subtle yet powerful.",47626
overexposed,"A finely detailed overexposed photograph of the serene lake, with crisp depth and perspective.",29992
documentary,"A documentary image revealing the mysterious grandeur of the tropical island, subtle yet powerful.",10309
documentary,"A documentary image revealing the dramatic grandeur of the snowy meadow, subtle yet powerful.",46526
wide-angle,"A wide-angle nature image of the desert dunes, blending sun-drenched light and composition.",18176
macro,"A macro photograph of a sun-drenched coastal cliffs, emphasizing natural light and balanced tones.",47441
landscape,"A documentary-style landscape image of the coastal cliffs, deeply melancholic and realistic.",44171
long exposure,"A long exposure photography composition of the coastal cliffs, highlighting its softly lit environment.",32597
pastel tone,"A pastel tone capture of a mist-covered coral beach, rendered in photorealistic lighting.",35806
street photography,A street photography photograph of a rocky canyon bathed in shadowed afternoon light and atmospheric tones.,42688
studio lighting,"Captured in studio lighting aesthetic, the misty jungle appears ethereal against the horizon.",29734
street photography,"A street photography photograph of a shadowed mountain range, emphasizing natural light and balanced tones.",1061
neon lighting,"A neon lighting picture of the autumn woodland, taken from a high vantage point showing its melancholic beauty.",48372
soft focus,"A soft focus fine-art photo illustrating the dense pine forest, subtle and dramatic.",46555
blue hour,"A blue hour photo of the snowy meadow, rich in texture and icy atmosphere.",5921
fashion,"A fashion outdoor shot of a forest valley, featuring mysterious lighting and natural tones.",46963
cinematic,A cinematic frame capturing majestic weather and mood around the rocky canyon.,7465
high contrast,A high contrast scenic shot portraying sun-drenched mountains and the tropical island in harmony.,18690
studio lighting,A studio lighting photograph depicting the serene stillness of the hidden waterfall at dawn.,48658
landscape,"A detailed landscape landscape image of the volcanic crater, radiating icy energy and depth.",31256
long exposure,"A long exposure landscape scene portraying a softly lit rolling hills, with cinematic composition.",19323
monochrome,"A carefully composed monochrome photo of the city skyline, filled with softly lit tones.",10399
bokeh,"A nature photo taken in bokeh style, highlighting a luminous rocky canyon with soft shadows.",41737
cinematic,"A cinematic landscape scene of a serene lake beneath ethereal clouds, 8k resolution realism.",4200
architectural,"A architectural capture of a glowing tropical island, rendered in photorealistic lighting.",32567
long exposure,A long exposure photograph depicting the breathtaking stillness of the mountain range at dawn.,42272
overexposed,"A overexposed photograph of a vivid misty jungle, emphasizing natural light and balanced tones.",5929
high contrast,A high contrast scenic shot portraying luminous mountains and the misty jungle in harmony.,6672
minimalist,"A nature photo taken in minimalist style, highlighting a moody desert dunes with soft shadows.",40619
food,"A food fine-art photo illustrating the frozen river, subtle and mysterious.",28487
product,"An evocative product landscape photograph of the desert dunes, balanced and breathtaking.",14640
product,"A finely detailed product photograph of the mountain range, with breathtaking depth and perspective.",18552
food,"A food landscape scene of a frozen river beneath serene clouds, 8k resolution realism.",13096
long exposure,"A wide panoramic long exposure view of a luminous snowy meadow, emphasizing scale and tranquility.",42789
fashion,A fashion frame capturing vivid weather and mood around the snowy meadow.,15157
underexposed,"A underexposed outdoor shot of a snowy meadow, featuring shadowed lighting and natural tones.",43117
street photography,"In street photography photography, a sun-drenched depiction of the volcanic crater during twilight.",31244
long exposure,A long exposure photograph depicting the golden stillness of the coral beach at dawn.,11231
fisheye,A detailed fisheye image illustrating the mountain range with serene lighting and tone.,32675
portrait,"A portrait photography composition of the stormy sea, highlighting its majestic environment.",31554
bokeh,"A documentary-style bokeh image of the city skyline, deeply sun-drenched and realistic.",6318
muted colors,"A muted colors exploration of the rolling hills, revealing dramatic forms and light gradients.",9922
long exposure,"A large-format long exposure photo of a serene tropical island, realistic lighting and crisp detail.",12733
dreamy,"A dreamy landscape taken with tranquil precision, showing the volcanic crater in full glory.",36926
telephoto,"A telephoto outdoor shot of a coastal cliffs, featuring moody lighting and natural tones.",4377
high saturation,A high saturation panoramic capture showing the icy openness of the autumn woodland.,40376
infrared,"A infrared exploration of the dense pine forest, revealing vivid forms and light gradients.",24368
overexposed,"A overexposed photography piece showing the volcanic crater, filled with crisp atmosphere.",48421
infrared,"A nature photo taken in infrared style, highlighting a ethereal rocky canyon with soft shadows.",20977
landscape,"A landscape photography piece showing the tropical island, filled with crisp atmosphere.",12688
astrophotography,"A finely detailed astrophotography photograph of the city skyline, with mist-covered depth and perspective.",21464
HDR,"A HDR photo of the sunlit meadow, rich in texture and serene atmosphere.",26997
blue hour,A blue hour frame capturing ethereal weather and mood around the ancient ruins.,29538
fisheye,An outdoor fisheye photo portraying the frozen river in radiant natural tones.,37022
sepia tone,"A sepia tone landscape taken with luminous precision, showing the mountain range in full glory.",20665
high contrast,"A high contrast fine-art photo illustrating the sunlit meadow, subtle and tranquil.",28007
pastel tone,"In pastel tone style, a detailed shot of a softly lit hidden waterfall surrounded by nature.",48812
fashion,A fashion panoramic capture showing the dramatic openness of the tropical island.,10376
landscape,"In landscape style, a detailed shot of a dramatic volcanic crater surrounded by nature.",33773
wide-angle,"A wide-angle landscape taken with sun-drenched precision, showing the forest valley in full glory.",26663
underexposed,"A underexposed photography composition of the tropical island, highlighting its golden environment.",17610
dreamy,"In a dreamy mood, this image captures the crisp serenity of the mountain range.",33540
blue hour,"A blue hour photography piece showing the coastal cliffs, filled with crisp atmosphere.",12260
studio lighting,"An evocative studio lighting landscape photograph of the misty jungle, balanced and melancholic.",42270
astrophotography,"In astrophotography fashion, the forest valley is shown in majestic hues and natural gradients.",3224
landscape,A landscape panoramic capture showing the sun-drenched openness of the dense pine forest.,1490
high saturation,"In high saturation photography, a luminous depiction of the autumn woodland during twilight.",49833
landscape,"A carefully composed landscape photo of the city skyline, filled with icy tones.",37287
blue hour,"A large-format blue hour photo of a luminous forest valley, realistic lighting and crisp detail.",18948
natural lighting,A natural lighting scenic shot portraying melancholic mountains and the coral beach in harmony.,10308
portrait,A portrait photograph depicting the melancholic stillness of the ancient ruins at dawn.,16348
architectural,"A architectural picture of the mountain range, taken from a high vantage point showing its moody beauty.",546
film grain,A detailed film grain image illustrating the autumn woodland with moody lighting and tone.,21431
minimalist composition,"A minimalist composition landscape scene of a forest valley beneath melancholic clouds, 8k resolution realism.",9085
food,A food travel photo that captures the mysterious essence of the rocky canyon.,45945
wide-angle,A wide-angle view emphasizing dramatic patterns and contrast within the mountain range.,28564
blue hour,A detailed blue hour image illustrating the serene lake with golden lighting and tone.,13900
film grain,A film grain panoramic capture showing the melancholic openness of the volcanic crater.,2596
vintage,"Captured in vintage aesthetic, the rolling hills appears majestic against the horizon.",38413
documentary,"A documentary exploration of the forest valley, revealing mist-covered forms and light gradients.",45614
astrophotography,"In a astrophotography mood, this image captures the radiant serenity of the rolling hills.",15181
muted colors,"An evocative muted colors landscape photograph of the mountain range, balanced and dramatic.",13569
documentary,"A documentary fine-art photo illustrating the desert dunes, subtle and breathtaking.",31087
long exposure,"In long exposure style, a detailed shot of a dramatic misty jungle surrounded by nature.",37672
neon lighting,"A neon lighting photograph showing the frozen river, rendered in luminous clarity.",46817
product,A product view emphasizing ethereal patterns and contrast within the volcanic crater.,5356
macro,"A macro outdoor shot of a frozen river, featuring dramatic lighting and natural tones.",7577
surreal,"A surreal fine-art photo illustrating the desert dunes, subtle and breathtaking.",39053
portrait,"A portrait landscape taken with radiant precision, showing the hidden waterfall in full glory.",42536
low light,"A low light capture of a dramatic city skyline, rendered in photorealistic lighting.",19776
monochrome,A monochrome photo series focusing on moody landscapes like the desert dunes.,49474
wide-angle,A wide-angle photograph of a city skyline bathed in glowing afternoon light and atmospheric tones.,376
neon lighting,A scenic neon lighting landscape capturing the beauty of the misty jungle under crisp skies.,33788
black-and-white,A black-and-white creative landscape photograph featuring the crisp beauty of the city skyline.,25314
HDR,"A HDR inspired photograph of the stormy sea, composed with breathtaking balance and detail.",29084
fisheye,A fisheye travel photo that captures the mysterious essence of the dense pine forest.,7862
macro,"A documentary-style macro image of the frozen river, deeply golden and realistic.",7685
golden hour,A golden hour view emphasizing vivid patterns and contrast within the tropical island.,46508
high contrast,"A high contrast nature image of the coastal cliffs, blending melancholic light and composition.",43844
fisheye,"A detailed fisheye landscape image of the autumn woodland, radiating mist-covered energy and depth.",10752
high contrast,"A high contrast photography composition of the desert dunes, highlighting its icy environment.",11392
minimalist,"In minimalist fashion, the coastal cliffs is shown in tranquil hues and natural gradients.",26477
golden hour,"Captured in golden hour aesthetic, the frozen river appears majestic against the horizon.",27095
dreamy,An outdoor dreamy photo portraying the rocky canyon in ethereal natural tones.,33806
muted colors,A muted colors photograph of a sunlit meadow bathed in mist-covered afternoon light and atmospheric tones.,47225
surreal,"Captured in surreal style, the misty jungle reveals its mysterious charm through subtle lighting.",18725
wide-angle,"A wide-angle landscape taken with breathtaking precision, showing the serene lake in full glory.",25279
macro,"A macro inspired photograph of the autumn woodland, composed with mist-covered balance and detail.",26831
studio lighting,"A studio lighting photograph showing the dense pine forest, rendered in glowing clarity.",36944
high saturation,"A high saturation outdoor shot of a hidden waterfall, featuring sun-drenched lighting and natural tones.",20978
long exposure,A long exposure scenic shot portraying melancholic mountains and the volcanic crater in harmony.,7161
film grain,"A detailed film grain landscape image of the coastal cliffs, radiating glowing energy and depth.",47124
high contrast,"A high contrast scenic capture portraying a dramatic tropical island, cinematic framing and tone.",19711
telephoto,A telephoto photograph focusing on the serene interplay between light and the tropical island.,19207
telephoto,A telephoto creative landscape photograph featuring the dramatic beauty of the misty jungle.,23100
muted colors,"A muted colors scenic capture portraying a mysterious serene lake, cinematic framing and tone.",22499
HDR,"A HDR outdoor shot of a serene lake, featuring glowing lighting and natural tones.",8366
vintage,"A vintage photo of the serene lake, rich in texture and mist-covered atmosphere.",21529
cinematic,A cinematic photo series focusing on radiant landscapes like the ancient ruins.,47664
product,"A product photography composition of the coral beach, highlighting its mysterious environment.",42079
minimalist composition,A minimalist composition photo highlighting the radiant emotion of nature seen in the rocky canyon.,9082
golden hour,"A golden hour inspired shot of the rocky canyon, emphasizing texture and serene atmosphere.",8782
vintage,"A vintage photograph of a serene autumn woodland, emphasizing natural light and balanced tones.",1715
underexposed,"In underexposed photography, a moody depiction of the forest valley during twilight.",44881
food,"A food photograph showing the rocky canyon, rendered in crisp clarity.",15679
dreamy,"In dreamy style, a detailed shot of a softly lit serene lake surrounded by nature.",38718
studio lighting,"A studio lighting landscape scene of a coastal cliffs beneath radiant clouds, 8k resolution realism.",41984
fisheye,A fisheye view emphasizing sun-drenched patterns and contrast within the coral beach.,32202
cinematic,"A cinematic outdoor shot of a tropical island, featuring vivid lighting and natural tones.",15356
film grain,"An evocative film grain landscape photograph of the mountain range, balanced and softly lit.",9989
architectural,"A architectural image revealing the shadowed grandeur of the desert dunes, subtle yet powerful.",13802
dreamy,"In dreamy style, a detailed shot of a vivid ancient ruins surrounded by nature.",12877
golden hour,"A golden hour photography piece showing the misty jungle, filled with icy atmosphere.",23226
sepia tone,A sepia tone photo series focusing on vivid landscapes like the volcanic crater.,41102
street photography,"A wide panoramic street photography view of a crisp volcanic crater, emphasizing scale and tranquility.",16065
natural lighting,"A large-format natural lighting photo of a shadowed frozen river, realistic lighting and crisp detail.",44124
studio lighting,"A finely detailed studio lighting photograph of the city skyline, with radiant depth and perspective.",2316
fashion,"A wide panoramic fashion view of a ethereal serene lake, emphasizing scale and tranquility.",6134
surreal,"A surreal outdoor shot of a rocky canyon, featuring ethereal lighting and natural tones.",27514
architectural,A architectural view emphasizing melancholic patterns and contrast within the autumn woodland.,1020
low light,"Captured in low light style, the autumn woodland reveals its shadowed charm through subtle lighting.",40
HDR,"A HDR capture of a glowing ancient ruins, rendered in photorealistic lighting.",32934
soft focus,A soft focus photograph focusing on the icy interplay between light and the frozen river.,150
macro,"Captured in macro aesthetic, the city skyline appears glowing against the horizon.",31034
dreamy,"A dreamy image revealing the breathtaking grandeur of the volcanic crater, subtle yet powerful.",34240
landscape,"An evocative landscape landscape photograph of the desert dunes, balanced and melancholic.",10351
bokeh,A bokeh view emphasizing vivid patterns and contrast within the desert dunes.,21949
film grain,"A film grain outdoor shot of a desert dunes, featuring moody lighting and natural tones.",48767
food,"An evocative food landscape photograph of the dense pine forest, balanced and glowing.",25050
sepia tone,A sepia tone scenic shot portraying ethereal mountains and the dense pine forest in harmony.,49335
high saturation,A high saturation photograph of a forest valley bathed in moody afternoon light and atmospheric tones.,43328
telephoto,"A telephoto picture of the rocky canyon, taken from a high vantage point showing its golden beauty.",20038
overexposed,"A overexposed photography piece showing the ancient ruins, filled with sun-drenched atmosphere.",38884
long exposure,"An artistic long exposure image showing a majestic view of the stormy sea, taken at sunrise.",32161
telephoto,"A telephoto outdoor shot of a desert dunes, featuring icy lighting and natural tones.",30972
muted colors,"A muted colors fine-art photo illustrating the autumn woodland, subtle and radiant.",28999
vintage,"A vintage landscape taken with sun-drenched precision, showing the dense pine forest in full glory.",34684
HDR,A HDR photograph focusing on the vivid interplay between light and the stormy sea.,35771
macro,A macro photo series focusing on breathtaking landscapes like the misty jungle.,8495
portrait,"A portrait scenic capture portraying a sun-drenched city skyline, cinematic framing and tone.",33509
studio lighting,A studio lighting photograph of a sunlit meadow bathed in crisp afternoon light and atmospheric tones.,30606
soft focus,"In soft focus photography, a golden depiction of the ancient ruins during twilight.",26953
HDR,A detailed HDR image illustrating the stormy sea with ethereal lighting and tone.,11262
vintage,"A vintage capture of a icy misty jungle, rendered in photorealistic lighting.",33922
high contrast,A high contrast photo series focusing on luminous landscapes like the city skyline.,36946
dreamy,"In dreamy photography, a softly lit depiction of the dense pine forest during twilight.",18801
golden hour,"A finely detailed golden hour photograph of the desert dunes, with breathtaking depth and perspective.",17831
wide-angle,"A wide-angle scenic capture portraying a majestic city skyline, cinematic framing and tone.",38856
black-and-white,A detailed black-and-white image illustrating the hidden waterfall with luminous lighting and tone.,31150
astrophotography,"In astrophotography fashion, the city skyline is shown in mysterious hues and natural gradients.",39740
golden hour,"A cinematic golden hour photograph of the coastal cliffs, under serene evening light.",10833
golden hour,"A golden hour inspired shot of the tropical island, emphasizing texture and luminous atmosphere.",2078
neon lighting,A scenic neon lighting landscape capturing the beauty of the stormy sea under tranquil skies.,11796
minimalist,"A minimalist landscape scene of a ancient ruins beneath ethereal clouds, 8k resolution realism.",23736
monochrome,"A monochrome outdoor shot of a frozen river, featuring radiant lighting and natural tones.",1416
street photography,An outdoor street photography photo portraying the ancient ruins in vivid natural tones.,15498
overexposed,"An evocative overexposed landscape photograph of the rocky canyon, balanced and golden.",3616
infrared,A scenic infrared landscape capturing the beauty of the serene lake under radiant skies.,8196
pastel tone,A pastel tone photograph depicting the sun-drenched stillness of the sunlit meadow at dawn.,9921
long exposure,"An evocative long exposure landscape photograph of the volcanic crater, balanced and mysterious.",9516
architectural,"A architectural photography composition of the volcanic crater, highlighting its mysterious environment.",5843
low light,"A finely detailed low light photograph of the rocky canyon, with melancholic depth and perspective.",5451
pastel tone,"A pastel tone landscape scene portraying a majestic city skyline, with cinematic composition.",45364
landscape,"A landscape photography composition of the mountain range, highlighting its luminous environment.",27653
macro,"A macro landscape scene portraying a moody ancient ruins, with cinematic composition.",4103
black-and-white,"A detailed black-and-white landscape image of the forest valley, radiating sun-drenched energy and depth.",6193
blue hour,"A documentary-style blue hour image of the serene lake, deeply glowing and realistic.",13645
natural lighting,"A detailed natural lighting landscape image of the rocky canyon, radiating melancholic energy and depth.",28167
blue hour,"A large-format blue hour photo of a icy tropical island, realistic lighting and crisp detail.",3212
fashion,A detailed fashion image illustrating the city skyline with crisp lighting and tone.,11198
cinematic,"A finely detailed cinematic photograph of the stormy sea, with vivid depth and perspective.",44990
infrared,"A finely detailed infrared photograph of the autumn woodland, with tranquil depth and perspective.",43604
cinematic,"A cinematic picture of the tropical island, taken from a high vantage point showing its icy beauty.",20240
cinematic,"A carefully composed cinematic photo of the forest valley, filled with shadowed tones.",22146
minimalist,"A minimalist photo of the volcanic crater, rich in texture and moody atmosphere.",6971
street photography,A street photography photograph of a frozen river bathed in luminous afternoon light and atmospheric tones.,1086
neon lighting,"A neon lighting picture of the ancient ruins, taken from a high vantage point showing its serene beauty.",20768
pastel tone,An outdoor pastel tone photo portraying the tropical island in mysterious natural tones.,11595
food,"A food image revealing the shadowed grandeur of the rocky canyon, subtle yet powerful.",14851
film grain,"A film grain image revealing the dramatic grandeur of the rolling hills, subtle yet powerful.",45612
long exposure,A long exposure panoramic capture showing the radiant openness of the rolling hills.,34114
wide-angle,"A wide-angle outdoor shot of a coastal cliffs, featuring mysterious lighting and natural tones.",16386
telephoto,A scenic telephoto landscape capturing the beauty of the rolling hills under mysterious skies.,27455
product,"A product fine-art photo illustrating the rocky canyon, subtle and ethereal.",16008
golden hour,A golden hour travel photo that captures the softly lit essence of the mountain range.,49554
vintage,"A vintage fine-art photo illustrating the mountain range, subtle and radiant.",46004
pastel tone,"A pastel tone exploration of the hidden waterfall, revealing golden forms and light gradients.",16505
cinematic,"A nature photo taken in cinematic style, highlighting a luminous forest valley with soft shadows.",36822
macro,"A macro inspired photograph of the stormy sea, composed with crisp balance and detail.",1555
monochrome,"A monochrome outdoor shot of a dense pine forest, featuring crisp lighting and natural tones.",40203
architectural,"A finely detailed architectural photograph of the coral beach, with luminous depth and perspective.",22345
minimalist,A minimalist view emphasizing glowing patterns and contrast within the frozen river.,26964
high saturation,A high saturation creative landscape photograph featuring the crisp beauty of the mountain range.,15359
natural lighting,"A natural lighting outdoor shot of a mountain range, featuring shadowed lighting and natural tones.",37504
documentary,"In a documentary mood, this image captures the golden serenity of the tropical island.",13765
high saturation,"In a high saturation mood, this image captures the breathtaking serenity of the serene lake.",5244
surreal,"An evocative surreal landscape photograph of the snowy meadow, balanced and majestic.",43615
minimalist composition,"A minimalist composition picture of the autumn woodland, taken from a high vantage point showing its serene beauty.",17163
astrophotography,"A astrophotography inspired photograph of the rolling hills, composed with radiant balance and detail.",16481
cinematic,A cinematic photograph of a ancient ruins bathed in tranquil afternoon light and atmospheric tones.,25344
golden hour,"In golden hour style, a detailed shot of a shadowed ancient ruins surrounded by nature.",37697
high contrast,"A high contrast inspired shot of the frozen river, emphasizing texture and shadowed atmosphere.",14957
infrared,"A infrared landscape scene of a city skyline beneath dramatic clouds, 8k resolution realism.",1504
fisheye,"A fisheye outdoor shot of a rocky canyon, featuring dramatic lighting and natural tones.",19813
bokeh,"In a bokeh mood, this image captures the mist-covered serenity of the rolling hills.",25863
blue hour,"A finely detailed blue hour photograph of the frozen river, with moody depth and perspective.",42568
telephoto,"A telephoto image revealing the sun-drenched grandeur of the misty jungle, subtle yet powerful.",9602
fisheye,"A fisheye scenic capture portraying a serene forest valley, cinematic framing and tone.",10434
product,"A cinematic product photograph of the mountain range, under radiant evening light.",44215
macro,"An artistic macro image showing a radiant view of the serene lake, taken at sunrise.",30788
long exposure,"In long exposure photography, a serene depiction of the hidden waterfall during twilight.",43423
minimalist,"A minimalist nature image of the mountain range, blending luminous light and composition.",34821
dreamy,A detailed dreamy image illustrating the coastal cliffs with shadowed lighting and tone.,6282
black-and-white,"A black-and-white exploration of the hidden waterfall, revealing melancholic forms and light gradients.",39667
neon lighting,A neon lighting travel photo that captures the ethereal essence of the frozen river.,40280
surreal,"A surreal landscape scene of a volcanic crater beneath melancholic clouds, 8k resolution realism.",34920
infrared,"A infrared inspired shot of the stormy sea, emphasizing texture and mist-covered atmosphere.",455
vintage,"In vintage photography, a breathtaking depiction of the ancient ruins during twilight.",41308
wide-angle,"A wide-angle inspired shot of the misty jungle, emphasizing texture and mysterious atmosphere.",32961
soft focus,"In soft focus style, a detailed shot of a radiant hidden waterfall surrounded by nature.",11005
surreal,"A detailed surreal landscape image of the frozen river, radiating shadowed energy and depth.",4155
product,"A product photograph of a icy dense pine forest, emphasizing natural light and balanced tones.",32925
high saturation,A high saturation photograph focusing on the majestic interplay between light and the volcanic crater.,47074
infrared,"A nature photo taken in infrared style, highlighting a melancholic coastal cliffs with soft shadows.",18463
minimalist composition,A minimalist composition photograph focusing on the ethereal interplay between light and the coastal cliffs.,17820
HDR,"An evocative HDR landscape photograph of the sunlit meadow, balanced and shadowed.",43982
minimalist composition,"In minimalist composition fashion, the coral beach is shown in majestic hues and natural gradients.",28930
surreal,"An evocative surreal landscape photograph of the coral beach, balanced and golden.",24565
neon lighting,A neon lighting panoramic capture showing the luminous openness of the rolling hills.,26064
low light,"A low light photography piece showing the rocky canyon, filled with moody atmosphere.",18219
neon lighting,"A neon lighting landscape scene of a volcanic crater beneath breathtaking clouds, 8k resolution realism.",47140
pastel tone,"A pastel tone nature image of the forest valley, blending mysterious light and composition.",13627
documentary,"A documentary visual study of the dense pine forest, exploring its moody texture and lighting.",6892
minimalist composition,"A wide panoramic minimalist composition view of a crisp coral beach, emphasizing scale and tranquility.",16206
product,"A large-format product photo of a shadowed forest valley, realistic lighting and crisp detail.",44956
muted colors,"Captured in muted colors style, the sunlit meadow reveals its softly lit charm through subtle lighting.",2297
portrait,"A portrait image revealing the ethereal grandeur of the coastal cliffs, subtle yet powerful.",7576
portrait,"A cinematic portrait photograph of the desert dunes, under crisp evening light.",22101
portrait,A portrait frame capturing shadowed weather and mood around the snowy meadow.,32286
infrared,"A infrared outdoor shot of a coral beach, featuring dramatic lighting and natural tones.",35984
cinematic,"A carefully composed cinematic photo of the rolling hills, filled with melancholic tones.",37826
minimalist composition,"In minimalist composition style, a detailed shot of a breathtaking sunlit meadow surrounded by nature.",17012
wide-angle,"A detailed wide-angle landscape image of the stormy sea, radiating sun-drenched energy and depth.",40827
neon lighting,"A neon lighting visual study of the forest valley, exploring its crisp texture and lighting.",25757
street photography,"A street photography fine-art photo illustrating the desert dunes, subtle and sun-drenched.",40918
food,"A food landscape taken with radiant precision, showing the coral beach in full glory.",22700
bokeh,"A carefully composed bokeh photo of the rocky canyon, filled with crisp tones.",21662
HDR,"A finely detailed HDR photograph of the snowy meadow, with sun-drenched depth and perspective.",46167
surreal,"A detailed surreal landscape image of the rocky canyon, radiating mist-covered energy and depth.",11026
minimalist composition,A minimalist composition photo series focusing on golden landscapes like the desert dunes.,41944
street photography,A street photography scenic shot portraying luminous mountains and the coral beach in harmony.,41829
surreal,"In surreal photography, a sun-drenched depiction of the coral beach during twilight.",46682
fashion,"A fashion inspired shot of the frozen river, emphasizing texture and icy atmosphere.",3418
landscape,"An evocative landscape landscape photograph of the mountain range, balanced and mist-covered.",43309
underexposed,A underexposed scenic shot portraying tranquil mountains and the hidden waterfall in harmony.,4718
film grain,A film grain photograph focusing on the ethereal interplay between light and the hidden waterfall.,22986
macro,"A macro fine-art photo illustrating the mountain range, subtle and glowing.",12243
muted colors,A muted colors scenic shot portraying ethereal mountains and the coral beach in harmony.,17026
sepia tone,"A carefully composed sepia tone photo of the dense pine forest, filled with golden tones.",49916
surreal,A surreal photo highlighting the ethereal emotion of nature seen in the coral beach.,45517
wide-angle,"A documentary-style wide-angle image of the coral beach, deeply glowing and realistic.",4202
fashion,"An artistic fashion image showing a mysterious view of the volcanic crater, taken at sunrise.",49597
documentary,"A documentary fine-art photo illustrating the autumn woodland, subtle and vivid.",20026
high contrast,"A wide panoramic high contrast view of a dramatic serene lake, emphasizing scale and tranquility.",22252
astrophotography,A astrophotography travel photo that captures the golden essence of the stormy sea.,3075
product,An outdoor product photo portraying the rocky canyon in glowing natural tones.,5679
natural lighting,A natural lighting photograph focusing on the crisp interplay between light and the sunlit meadow.,35178
film grain,A film grain photograph of a misty jungle bathed in vivid afternoon light and atmospheric tones.,37206
neon lighting,"A nature photo taken in neon lighting style, highlighting a vivid hidden waterfall with soft shadows.",7782
architectural,"An evocative architectural landscape photograph of the rolling hills, balanced and sun-drenched.",20400
blue hour,A blue hour photo highlighting the shadowed emotion of nature seen in the mountain range.,35333
fisheye,"A fisheye photograph showing the city skyline, rendered in vivid clarity.",15608
infrared,"In a infrared mood, this image captures the icy serenity of the coral beach.",17041
neon lighting,"In neon lighting photography, a moody depiction of the coral beach during twilight.",16663
fashion,"A fashion inspired photograph of the ancient ruins, composed with vivid balance and detail.",22819
low light,A low light photograph of a coastal cliffs bathed in sun-drenched afternoon light and atmospheric tones.,16002
architectural,"An evocative architectural landscape photograph of the forest valley, balanced and breathtaking.",16306
overexposed,"In overexposed style, a detailed shot of a dramatic stormy sea surrounded by nature.",36935
sepia tone,A sepia tone photo series focusing on breathtaking landscapes like the frozen river.,29356
wide-angle,"A wide-angle art photograph of the rolling hills, with melancholic framing and luminous tone.",27928
minimalist composition,"A minimalist composition photography piece showing the ancient ruins, filled with majestic atmosphere.",1011
neon lighting,A neon lighting photo series focusing on glowing landscapes like the dense pine forest.,31677
pastel tone,A pastel tone photo highlighting the majestic emotion of nature seen in the serene lake.,35851
bokeh,"A documentary-style bokeh image of the forest valley, deeply radiant and realistic.",5614
food,"A food fine-art photo illustrating the snowy meadow, subtle and serene.",2138
film grain,"A film grain landscape scene of a desert dunes beneath crisp clouds, 8k resolution realism.",41963
studio lighting,"A studio lighting photography composition of the mountain range, highlighting its moody environment.",7066
overexposed,"A overexposed photograph showing the autumn woodland, rendered in golden clarity.",3506
monochrome,"A wide panoramic monochrome view of a radiant city skyline, emphasizing scale and tranquility.",27230
landscape,"A landscape inspired photograph of the sunlit meadow, composed with moody balance and detail.",37130
fisheye,A fisheye travel photo that captures the mist-covered essence of the tropical island.,12154
documentary,"A documentary scenic capture portraying a glowing dense pine forest, cinematic framing and tone.",41565
golden hour,"A carefully composed golden hour photo of the ancient ruins, filled with melancholic tones.",17530
macro,"A macro inspired shot of the autumn woodland, emphasizing texture and mist-covered atmosphere.",20098
cinematic,A detailed cinematic image illustrating the coastal cliffs with sun-drenched lighting and tone.,21557
natural lighting,"A natural lighting landscape scene portraying a tranquil ancient ruins, with cinematic composition.",6297
minimalist,A scenic minimalist landscape capturing the beauty of the mountain range under majestic skies.,4008
fashion,"In fashion style, a detailed shot of a mist-covered stormy sea surrounded by nature.",15648
black-and-white,A black-and-white photograph depicting the crisp stillness of the mountain range at dawn.,19356
pastel tone,"A pastel tone photograph of a tranquil sunlit meadow, emphasizing natural light and balanced tones.",49872
infrared,"A infrared inspired photograph of the dense pine forest, composed with icy balance and detail.",24191
underexposed,A underexposed photo highlighting the icy emotion of nature seen in the hidden waterfall.,27821
fisheye,"A fisheye visual study of the desert dunes, exploring its mist-covered texture and lighting.",41378
long exposure,A long exposure photograph of a frozen river bathed in ethereal afternoon light and atmospheric tones.,20977
neon lighting,A scenic neon lighting landscape capturing the beauty of the tropical island under crisp skies.,32974
black-and-white,"A black-and-white photography piece showing the autumn woodland, filled with mysterious atmosphere.",3015
high contrast,A detailed high contrast image illustrating the dense pine forest with breathtaking lighting and tone.,10814
blue hour,"In blue hour photography, a vivid depiction of the stormy sea during twilight.",30836
sepia tone,A sepia tone frame capturing shadowed weather and mood around the rolling hills.,44005
documentary,A documentary photo highlighting the tranquil emotion of nature seen in the serene lake.,12896
macro,"A cinematic macro photograph of the snowy meadow, under icy evening light.",20479
minimalist,"A minimalist picture of the misty jungle, taken from a high vantage point showing its sun-drenched beauty.",47014
telephoto,"A telephoto fine-art photo illustrating the misty jungle, subtle and golden.",26665
pastel tone,"A pastel tone photograph of a radiant snowy meadow, emphasizing natural light and balanced tones.",34056
street photography,"A street photography fine-art photo illustrating the coral beach, subtle and moody.",35798
food,"A food image revealing the majestic grandeur of the city skyline, subtle yet powerful.",17304
golden hour,"A golden hour nature image of the dense pine forest, blending crisp light and composition.",14954
soft focus,"A soft focus landscape scene of a tropical island beneath ethereal clouds, 8k resolution realism.",11441
muted colors,"In a muted colors mood, this image captures the radiant serenity of the misty jungle.",47592
vintage,A vintage travel photo that captures the luminous essence of the city skyline.,27399
studio lighting,A studio lighting photo highlighting the serene emotion of nature seen in the city skyline.,3467
fisheye,"Captured in fisheye style, the city skyline reveals its tranquil charm through subtle lighting.",530
golden hour,A golden hour travel photo that captures the majestic essence of the sunlit meadow.,21472
black-and-white,"A black-and-white inspired photograph of the rolling hills, composed with glowing balance and detail.",41399
low light,"A low light photography composition of the tropical island, highlighting its golden environment.",31286
product,A product frame capturing golden weather and mood around the hidden waterfall.,3924
monochrome,"A wide panoramic monochrome view of a melancholic forest valley, emphasizing scale and tranquility.",7791
food,"A food photograph of a vivid mountain range, emphasizing natural light and balanced tones.",33215
dreamy,"A dreamy landscape taken with serene precision, showing the sunlit meadow in full glory.",10637
minimalist composition,A minimalist composition photograph focusing on the golden interplay between light and the rolling hills.,9031
documentary,A documentary photo series focusing on icy landscapes like the forest valley.,31997
pastel tone,"A pastel tone nature image of the desert dunes, blending majestic light and composition.",44637
film grain,"In film grain photography, a ethereal depiction of the autumn woodland during twilight.",21437
wide-angle,A wide-angle photograph depicting the luminous stillness of the dense pine forest at dawn.,14648
bokeh,"An artistic bokeh image showing a majestic view of the mountain range, taken at sunrise.",20296
overexposed,"A cinematic overexposed photograph of the desert dunes, under ethereal evening light.",2994
underexposed,A underexposed photograph of a rocky canyon bathed in crisp afternoon light and atmospheric tones.,18203
food,A food frame capturing moody weather and mood around the rolling hills.,21258
underexposed,"A underexposed exploration of the sunlit meadow, revealing majestic forms and light gradients.",46636
telephoto,A telephoto frame capturing crisp weather and mood around the mountain range.,7751
telephoto,"A wide panoramic telephoto view of a radiant misty jungle, emphasizing scale and tranquility.",26309
overexposed,A overexposed photograph of a coastal cliffs bathed in majestic afternoon light and atmospheric tones.,43317
monochrome,"A monochrome exploration of the tropical island, revealing luminous forms and light gradients.",2920
portrait,"A portrait photo of the mountain range, rich in texture and majestic atmosphere.",23808
macro,"Captured in macro aesthetic, the coral beach appears shadowed against the horizon.",26160
landscape,"A landscape photography piece showing the coral beach, filled with softly lit atmosphere.",25420
monochrome,"A monochrome outdoor shot of a mountain range, featuring moody lighting and natural tones.",46692
neon lighting,"A large-format neon lighting photo of a ethereal frozen river, realistic lighting and crisp detail.",7579
neon lighting,"A neon lighting picture of the frozen river, taken from a high vantage point showing its tranquil beauty.",36956
dreamy,"A dreamy landscape scene portraying a tranquil rocky canyon, with cinematic composition.",22362
studio lighting,"A studio lighting image revealing the moody grandeur of the serene lake, subtle yet powerful.",47099
sepia tone,"In sepia tone fashion, the ancient ruins is shown in majestic hues and natural gradients.",45340
golden hour,"A golden hour fine-art photo illustrating the rocky canyon, subtle and serene.",22085
muted colors,"An artistic muted colors image showing a sun-drenched view of the desert dunes, taken at sunrise.",2054
bokeh,"In bokeh style, a detailed shot of a softly lit rocky canyon surrounded by nature.",41627
fashion,"A fashion landscape taken with breathtaking precision, showing the coastal cliffs in full glory.",1948
wide-angle,"In wide-angle style, a detailed shot of a golden dense pine forest surrounded by nature.",5952
pastel tone,"A pastel tone inspired shot of the rolling hills, emphasizing texture and crisp atmosphere.",22186
soft focus,"A large-format soft focus photo of a tranquil tropical island, realistic lighting and crisp detail.",26819
fashion,"In fashion fashion, the dense pine forest is shown in dramatic hues and natural gradients.",48959
architectural,"A architectural photography piece showing the misty jungle, filled with radiant atmosphere.",9005
landscape,"Captured in landscape aesthetic, the tropical island appears melancholic against the horizon.",41319
surreal,A surreal creative landscape photograph featuring the serene beauty of the rolling hills.,4441
underexposed,"A underexposed fine-art photo illustrating the tropical island, subtle and vivid.",19078
minimalist composition,"A minimalist composition inspired shot of the forest valley, emphasizing texture and serene atmosphere.",16320
vintage,"A vintage scenic capture portraying a crisp frozen river, cinematic framing and tone.",10047
overexposed,"A overexposed fine-art photo illustrating the autumn woodland, subtle and icy.",39740
fisheye,"A large-format fisheye photo of a breathtaking forest valley, realistic lighting and crisp detail.",18386
surreal,"In surreal style, a detailed shot of a dramatic frozen river surrounded by nature.",45892
minimalist,"A nature photo taken in minimalist style, highlighting a softly lit snowy meadow with soft shadows.",29247
fisheye,A fisheye photograph focusing on the dramatic interplay between light and the mountain range.,37630
architectural,"A carefully composed architectural photo of the mountain range, filled with dramatic tones.",43093
macro,"A macro photography piece showing the snowy meadow, filled with ethereal atmosphere.",44247
studio lighting,An outdoor studio lighting photo portraying the mountain range in shadowed natural tones.,31322
fashion,"A fashion exploration of the coral beach, revealing icy forms and light gradients.",36524
portrait,An outdoor portrait photo portraying the stormy sea in vivid natural tones.,21986
bokeh,"A detailed bokeh landscape image of the dense pine forest, radiating majestic energy and depth.",20442
dreamy,"A dreamy nature image of the rolling hills, blending moody light and composition.",15660
neon lighting,"A neon lighting landscape scene of a rocky canyon beneath icy clouds, 8k resolution realism.",27024
golden hour,"A golden hour nature image of the tropical island, blending ethereal light and composition.",7019
surreal,"A surreal nature image of the dense pine forest, blending crisp light and composition.",13879
fashion,"A fashion photo of the frozen river, rich in texture and melancholic atmosphere.",14291
muted colors,"A documentary-style muted colors image of the sunlit meadow, deeply vivid and realistic.",10968
macro,"In macro photography, a dramatic depiction of the rolling hills during twilight.",23148
studio lighting,"A studio lighting landscape scene portraying a radiant ancient ruins, with cinematic composition.",11943
minimalist,"A minimalist picture of the stormy sea, taken from a high vantage point showing its melancholic beauty.",1280
high saturation,"A detailed high saturation landscape image of the volcanic crater, radiating serene energy and depth.",30695
muted colors,"A muted colors landscape scene portraying a crisp serene lake, with cinematic composition.",25901
macro,A macro view emphasizing radiant patterns and contrast within the coral beach.,49035
fashion,An outdoor fashion photo portraying the hidden waterfall in luminous natural tones.,9805
vintage,A detailed vintage image illustrating the volcanic crater with tranquil lighting and tone.,20797
infrared,"A infrared inspired shot of the rocky canyon, emphasizing texture and shadowed atmosphere.",18495
documentary,"A documentary image revealing the shadowed grandeur of the coral beach, subtle yet powerful.",27257
golden hour,"In golden hour style, a detailed shot of a sun-drenched misty jungle surrounded by nature.",45287
dreamy,A dreamy photo series focusing on vivid landscapes like the snowy meadow.,34862
long exposure,An outdoor long exposure photo portraying the snowy meadow in luminous natural tones.,41639
product,"In a product mood, this image captures the radiant serenity of the stormy sea.",9677
low light,"Captured in low light style, the snowy meadow reveals its serene charm through subtle lighting.",45533
cinematic,"An evocative cinematic landscape photograph of the dense pine forest, balanced and mist-covered.",2848
sepia tone,A sepia tone scenic shot portraying dramatic mountains and the hidden waterfall in harmony.,2758
fisheye,"A fisheye landscape scene portraying a mysterious snowy meadow, with cinematic composition.",4206
food,A food panoramic capture showing the softly lit openness of the serene lake.,26184
long exposure,A long exposure photograph depicting the majestic stillness of the coastal cliffs at dawn.,49420
pastel tone,A pastel tone photo highlighting the softly lit emotion of nature seen in the frozen river.,4295
landscape,"Captured in landscape style, the mountain range reveals its icy charm through subtle lighting.",324
street photography,A street photography photo highlighting the glowing emotion of nature seen in the tropical island.,47540
black-and-white,"A black-and-white inspired photograph of the desert dunes, composed with dramatic balance and detail.",29210
wide-angle,"A nature photo taken in wide-angle style, highlighting a crisp city skyline with soft shadows.",18288
telephoto,"Captured in telephoto aesthetic, the dense pine forest appears majestic against the horizon.",7925
wide-angle,"A carefully composed wide-angle photo of the autumn woodland, filled with luminous tones.",21541
minimalist composition,"A minimalist composition photography composition of the rocky canyon, highlighting its breathtaking environment.",8224
street photography,"A street photography landscape scene portraying a vivid sunlit meadow, with cinematic composition.",33083
cinematic,"In cinematic fashion, the misty jungle is shown in crisp hues and natural gradients.",8060
cinematic,"A cinematic photograph showing the coral beach, rendered in crisp clarity.",25158
fisheye,"A fisheye fine-art photo illustrating the serene lake, subtle and icy.",11671
sepia tone,"Captured in sepia tone style, the city skyline reveals its melancholic charm through subtle lighting.",15941
monochrome,"A wide panoramic monochrome view of a ethereal coastal cliffs, emphasizing scale and tranquility.",25795
cinematic,"A cinematic landscape scene portraying a serene sunlit meadow, with cinematic composition.",31634
neon lighting,"A neon lighting outdoor shot of a rolling hills, featuring sun-drenched lighting and natural tones.",20475
golden hour,"A golden hour image revealing the breathtaking grandeur of the forest valley, subtle yet powerful.",21350
infrared,"A carefully composed infrared photo of the dense pine forest, filled with softly lit tones.",4939
architectural,"A architectural visual study of the tropical island, exploring its mysterious texture and lighting.",19584
cinematic,A detailed cinematic image illustrating the snowy meadow with crisp lighting and tone.,29501
high saturation,A high saturation creative landscape photograph featuring the mist-covered beauty of the hidden waterfall.,30405
street photography,A street photography photograph focusing on the luminous interplay between light and the autumn woodland.,22984
documentary,A documentary creative landscape photograph featuring the majestic beauty of the city skyline.,17205
golden hour,"A nature photo taken in golden hour style, highlighting a vivid volcanic crater with soft shadows.",32513
neon lighting,"In neon lighting style, a detailed shot of a sun-drenched sunlit meadow surrounded by nature.",832
minimalist,A minimalist photograph depicting the tranquil stillness of the desert dunes at dawn.,46450
landscape,"Captured in landscape aesthetic, the dense pine forest appears softly lit against the horizon.",13306
long exposure,"Captured in long exposure aesthetic, the stormy sea appears vivid against the horizon.",16431
low light,"Captured in low light style, the desert dunes reveals its melancholic charm through subtle lighting.",27804
surreal,"A surreal outdoor shot of a ancient ruins, featuring majestic lighting and natural tones.",35224
overexposed,"A overexposed exploration of the rolling hills, revealing ethereal forms and light gradients.",30515
wide-angle,"A wide-angle picture of the stormy sea, taken from a high vantage point showing its majestic beauty.",17384
overexposed,"A large-format overexposed photo of a luminous stormy sea, realistic lighting and crisp detail.",39777
sepia tone,"A sepia tone inspired photograph of the dense pine forest, composed with dramatic balance and detail.",34676
blue hour,"A blue hour nature image of the coastal cliffs, blending breathtaking light and composition.",47700
product,"In product style, a detailed shot of a melancholic rocky canyon surrounded by nature.",15691
HDR,"A nature photo taken in HDR style, highlighting a breathtaking city skyline with soft shadows.",49738
neon lighting,A neon lighting travel photo that captures the mist-covered essence of the dense pine forest.,2102
film grain,"A film grain landscape scene portraying a softly lit city skyline, with cinematic composition.",40884
golden hour,A golden hour creative landscape photograph featuring the serene beauty of the ancient ruins.,24812
underexposed,"A underexposed inspired shot of the ancient ruins, emphasizing texture and mist-covered atmosphere.",44814
monochrome,"In monochrome style, a detailed shot of a melancholic ancient ruins surrounded by nature.",25110
high saturation,"A high saturation nature image of the desert dunes, blending golden light and composition.",18362
architectural,"A architectural art photograph of the snowy meadow, with golden framing and luminous tone.",29117
bokeh,"A bokeh outdoor shot of a misty jungle, featuring vivid lighting and natural tones.",46289
vintage,"A vintage capture of a softly lit dense pine forest, rendered in photorealistic lighting.",45188
street photography,A street photography view emphasizing ethereal patterns and contrast within the mountain range.,25629
natural lighting,"A natural lighting art photograph of the stormy sea, with shadowed framing and luminous tone.",28686
low light,"In a low light mood, this image captures the softly lit serenity of the sunlit meadow.",1283
studio lighting,"A studio lighting picture of the coastal cliffs, taken from a high vantage point showing its mysterious beauty.",49456
astrophotography,"A astrophotography capture of a tranquil dense pine forest, rendered in photorealistic lighting.",38717
portrait,"An artistic portrait image showing a mysterious view of the dense pine forest, taken at sunrise.",16436
telephoto,A telephoto view emphasizing mist-covered patterns and contrast within the desert dunes.,46095
HDR,A HDR panoramic capture showing the ethereal openness of the desert dunes.,39631
documentary,"A documentary photograph showing the rocky canyon, rendered in golden clarity.",16813
overexposed,A overexposed view emphasizing golden patterns and contrast within the dense pine forest.,27401
minimalist composition,"In a minimalist composition mood, this image captures the glowing serenity of the snowy meadow.",36831
surreal,A surreal photo highlighting the golden emotion of nature seen in the rolling hills.,17759
food,"A nature photo taken in food style, highlighting a majestic ancient ruins with soft shadows.",26539
landscape,"A landscape outdoor shot of a rocky canyon, featuring ethereal lighting and natural tones.",12501
high saturation,"A high saturation photograph of a radiant stormy sea, emphasizing natural light and balanced tones.",21892
HDR,"A carefully composed HDR photo of the desert dunes, filled with golden tones.",46843
pastel tone,"A pastel tone landscape scene portraying a icy snowy meadow, with cinematic composition.",38224
architectural,A architectural photo highlighting the shadowed emotion of nature seen in the rolling hills.,4420
cinematic,"A documentary-style cinematic image of the forest valley, deeply crisp and realistic.",29797
film grain,An outdoor film grain photo portraying the sunlit meadow in ethereal natural tones.,20553
natural lighting,"A documentary-style natural lighting image of the ancient ruins, deeply shadowed and realistic.",31740
documentary,"A documentary scenic capture portraying a mist-covered tropical island, cinematic framing and tone.",27855
film grain,"A film grain landscape taken with sun-drenched precision, showing the coastal cliffs in full glory.",31417
architectural,"A architectural photo of the tropical island, rich in texture and moody atmosphere.",440
food,A food photograph depicting the ethereal stillness of the coral beach at dawn.,34828
low light,A low light travel photo that captures the radiant essence of the ancient ruins.,34077
surreal,"A surreal photograph of a mist-covered tropical island, emphasizing natural light and balanced tones.",34209
black-and-white,"In a black-and-white mood, this image captures the mist-covered serenity of the misty jungle.",26776
natural lighting,A scenic natural lighting landscape capturing the beauty of the snowy meadow under crisp skies.,39425
long exposure,"A large-format long exposure photo of a icy dense pine forest, realistic lighting and crisp detail.",27471
fashion,"A fashion fine-art photo illustrating the rocky canyon, subtle and radiant.",27088
minimalist,"A minimalist outdoor shot of a ancient ruins, featuring luminous lighting and natural tones.",35502
portrait,"A portrait photography composition of the forest valley, highlighting its shadowed environment.",43056
low light,A low light panoramic capture showing the softly lit openness of the dense pine forest.,37360
high saturation,"A high saturation fine-art photo illustrating the desert dunes, subtle and icy.",32187
astrophotography,A astrophotography photograph depicting the tranquil stillness of the stormy sea at dawn.,1187
film grain,"A film grain visual study of the rocky canyon, exploring its shadowed texture and lighting.",18054
pastel tone,"Captured in pastel tone style, the serene lake reveals its serene charm through subtle lighting.",24858
neon lighting,A neon lighting photo highlighting the vivid emotion of nature seen in the hidden waterfall.,30867
fashion,"A large-format fashion photo of a dramatic sunlit meadow, realistic lighting and crisp detail.",44045
astrophotography,"A astrophotography art photograph of the volcanic crater, with mist-covered framing and luminous tone.",13208
low light,"In low light style, a detailed shot of a sun-drenched autumn woodland surrounded by nature.",45964
street photography,"A street photography capture of a melancholic coastal cliffs, rendered in photorealistic lighting.",21346
natural lighting,"Captured in natural lighting style, the city skyline reveals its melancholic charm through subtle lighting.",37913
black-and-white,"A black-and-white photograph of a crisp sunlit meadow, emphasizing natural light and balanced tones.",671
landscape,An outdoor landscape photo portraying the coral beach in shadowed natural tones.,49323
low light,"A low light landscape taken with luminous precision, showing the rocky canyon in full glory.",13261
natural lighting,"A natural lighting photography composition of the dense pine forest, highlighting its serene environment.",27515
telephoto,"A telephoto visual study of the misty jungle, exploring its sun-drenched texture and lighting.",6516
natural lighting,A natural lighting view emphasizing radiant patterns and contrast within the misty jungle.,6888
minimalist,A minimalist photograph focusing on the shadowed interplay between light and the coastal cliffs.,45764
surreal,"A surreal landscape taken with mysterious precision, showing the frozen river in full glory.",12109
underexposed,"In underexposed fashion, the dense pine forest is shown in serene hues and natural gradients.",11310
cinematic,"In cinematic photography, a softly lit depiction of the desert dunes during twilight.",18534
fisheye,A fisheye panoramic capture showing the mist-covered openness of the dense pine forest.,19992
golden hour,"A golden hour picture of the dense pine forest, taken from a high vantage point showing its tranquil beauty.",13692
muted colors,"A muted colors landscape scene of a coastal cliffs beneath glowing clouds, 8k resolution realism.",1361
cinematic,"A cinematic inspired photograph of the coastal cliffs, composed with majestic balance and detail.",33289
golden hour,A golden hour photograph of a stormy sea bathed in shadowed afternoon light and atmospheric tones.,22476
astrophotography,"In astrophotography style, a detailed shot of a mysterious dense pine forest surrounded by nature.",31191
high contrast,"A high contrast visual study of the volcanic crater, exploring its glowing texture and lighting.",29137
dreamy,"A dreamy image revealing the breathtaking grandeur of the desert dunes, subtle yet powerful.",39553
surreal,"A surreal art photograph of the dense pine forest, with melancholic framing and luminous tone.",18563
underexposed,"In a underexposed mood, this image captures the serene serenity of the rocky canyon.",7271
film grain,"A finely detailed film grain photograph of the coastal cliffs, with mysterious depth and perspective.",16304
muted colors,A muted colors scenic shot portraying mist-covered mountains and the tropical island in harmony.,1628
minimalist,"A carefully composed minimalist photo of the ancient ruins, filled with softly lit tones.",28158
natural lighting,"A natural lighting exploration of the ancient ruins, revealing majestic forms and light gradients.",23940
fisheye,"A fisheye nature image of the serene lake, blending glowing light and composition.",31456
food,"A food capture of a crisp rolling hills, rendered in photorealistic lighting.",6772
underexposed,"A underexposed photograph showing the volcanic crater, rendered in sun-drenched clarity.",49440
fashion,A fashion photograph of a tropical island bathed in breathtaking afternoon light and atmospheric tones.,28380
portrait,A portrait creative landscape photograph featuring the breathtaking beauty of the hidden waterfall.,8545
surreal,"A finely detailed surreal photograph of the hidden waterfall, with breathtaking depth and perspective.",25824
muted colors,"A muted colors nature image of the tropical island, blending tranquil light and composition.",34362
high saturation,"A high saturation inspired photograph of the autumn woodland, composed with luminous balance and detail.",607
golden hour,A golden hour photo highlighting the dramatic emotion of nature seen in the coastal cliffs.,24818
dreamy,A dreamy panoramic capture showing the mysterious openness of the forest valley.,34232
underexposed,"In underexposed photography, a majestic depiction of the serene lake during twilight.",32869
long exposure,"In a long exposure mood, this image captures the dramatic serenity of the desert dunes.",26778
fashion,A scenic fashion landscape capturing the beauty of the hidden waterfall under softly lit skies.,5627
high contrast,"A high contrast inspired shot of the snowy meadow, emphasizing texture and vivid atmosphere.",32458
product,"A product photography piece showing the serene lake, filled with sun-drenched atmosphere.",44943
macro,"A nature photo taken in macro style, highlighting a majestic sunlit meadow with soft shadows.",31587
cinematic,"A cinematic landscape scene portraying a sun-drenched ancient ruins, with cinematic composition.",41744
film grain,"A documentary-style film grain image of the hidden waterfall, deeply vivid and realistic.",17168
portrait,A portrait photograph of a sunlit meadow bathed in vivid afternoon light and atmospheric tones.,7963
dreamy,"An evocative dreamy landscape photograph of the misty jungle, balanced and radiant.",41950
documentary,A documentary photograph focusing on the majestic interplay between light and the tropical island.,6428
HDR,"A HDR picture of the ancient ruins, taken from a high vantage point showing its tranquil beauty.",21681
portrait,"A portrait picture of the forest valley, taken from a high vantage point showing its glowing beauty.",34151
natural lighting,"A documentary-style natural lighting image of the coastal cliffs, deeply mist-covered and realistic.",11782
golden hour,"A golden hour inspired photograph of the autumn woodland, composed with serene balance and detail.",36273
black-and-white,"A nature photo taken in black-and-white style, highlighting a mist-covered ancient ruins with soft shadows.",2242
surreal,"A surreal photograph showing the coral beach, rendered in crisp clarity.",24693
HDR,A scenic HDR landscape capturing the beauty of the coastal cliffs under melancholic skies.,8779
black-and-white,"A black-and-white landscape scene of a stormy sea beneath sun-drenched clouds, 8k resolution realism.",15109
overexposed,"An artistic overexposed image showing a melancholic view of the rocky canyon, taken at sunrise.",29144
surreal,"Captured in surreal style, the serene lake reveals its ethereal charm through subtle lighting.",3980
portrait,"A portrait landscape scene of a stormy sea beneath mist-covered clouds, 8k resolution realism.",36894
wide-angle,"In a wide-angle mood, this image captures the softly lit serenity of the coastal cliffs.",16611
pastel tone,"A pastel tone landscape scene portraying a tranquil rolling hills, with cinematic composition.",4410
food,"A food photo of the ancient ruins, rich in texture and ethereal atmosphere.",3161
architectural,"A architectural visual study of the mountain range, exploring its breathtaking texture and lighting.",21887
minimalist composition,"In minimalist composition photography, a majestic depiction of the forest valley during twilight.",46562
studio lighting,"A studio lighting landscape taken with softly lit precision, showing the stormy sea in full glory.",10438
black-and-white,A black-and-white panoramic capture showing the breathtaking openness of the rocky canyon.,25828
fashion,"A fashion landscape taken with crisp precision, showing the coral beach in full glory.",11701
natural lighting,"A natural lighting inspired shot of the rocky canyon, emphasizing texture and shadowed atmosphere.",24351
landscape,A landscape photo series focusing on shadowed landscapes like the ancient ruins.,15694
telephoto,"A telephoto inspired shot of the sunlit meadow, emphasizing texture and icy atmosphere.",38055
fashion,"A fashion nature image of the dense pine forest, blending luminous light and composition.",6402
black-and-white,A black-and-white photograph focusing on the vivid interplay between light and the serene lake.,22216
underexposed,"A underexposed nature image of the frozen river, blending serene light and composition.",20566
telephoto,"A finely detailed telephoto photograph of the mountain range, with dramatic depth and perspective.",22663
sepia tone,"Captured in sepia tone style, the stormy sea reveals its ethereal charm through subtle lighting.",33991
dreamy,"A dreamy scenic capture portraying a melancholic stormy sea, cinematic framing and tone.",46849
bokeh,"Captured in bokeh aesthetic, the rolling hills appears luminous against the horizon.",19380
telephoto,"A telephoto fine-art photo illustrating the frozen river, subtle and mist-covered.",10370
pastel tone,A pastel tone photograph depicting the crisp stillness of the autumn woodland at dawn.,26534
monochrome,"An evocative monochrome landscape photograph of the mountain range, balanced and icy.",15919
soft focus,"A soft focus inspired photograph of the hidden waterfall, composed with majestic balance and detail.",21880
product,"A product photograph showing the desert dunes, rendered in moody clarity.",10576
film grain,"A film grain capture of a shadowed autumn woodland, rendered in photorealistic lighting.",11674
astrophotography,"A astrophotography image revealing the ethereal grandeur of the mountain range, subtle yet powerful.",24120
minimalist,A minimalist photograph focusing on the moody interplay between light and the mountain range.,948
HDR,"A HDR inspired shot of the autumn woodland, emphasizing texture and shadowed atmosphere.",414
soft focus,"A soft focus scenic capture portraying a moody stormy sea, cinematic framing and tone.",23031
cinematic,"A nature photo taken in cinematic style, highlighting a crisp ancient ruins with soft shadows.",3987
telephoto,"A telephoto photograph of a shadowed tropical island, emphasizing natural light and balanced tones.",37320
natural lighting,"A natural lighting inspired shot of the desert dunes, emphasizing texture and vivid atmosphere.",21967
landscape,A landscape photo series focusing on sun-drenched landscapes like the mountain range.,22896
high contrast,"A high contrast inspired photograph of the dense pine forest, composed with sun-drenched balance and detail.",43777
documentary,A scenic documentary landscape capturing the beauty of the coastal cliffs under breathtaking skies.,41810
dreamy,A dreamy panoramic capture showing the luminous openness of the rocky canyon.,43053
muted colors,A muted colors photograph depicting the sun-drenched stillness of the rolling hills at dawn.,39549
golden hour,"A golden hour fine-art photo illustrating the coastal cliffs, subtle and ethereal.",34814
long exposure,"A long exposure exploration of the forest valley, revealing vivid forms and light gradients.",18140
dreamy,"A wide panoramic dreamy view of a shadowed dense pine forest, emphasizing scale and tranquility.",43952
documentary,A documentary scenic shot portraying tranquil mountains and the sunlit meadow in harmony.,7626
telephoto,"A telephoto image revealing the sun-drenched grandeur of the city skyline, subtle yet powerful.",28319
product,"A finely detailed product photograph of the sunlit meadow, with moody depth and perspective.",25904
portrait,A portrait photo series focusing on mist-covered landscapes like the dense pine forest.,8791
soft focus,A soft focus photo series focusing on radiant landscapes like the stormy sea.,19821
wide-angle,"A finely detailed wide-angle photograph of the rocky canyon, with softly lit depth and perspective.",3699
monochrome,"A monochrome photograph of a mysterious snowy meadow, emphasizing natural light and balanced tones.",3699
vintage,"Captured in vintage style, the sunlit meadow reveals its ethereal charm through subtle lighting.",19951
surreal,"Captured in surreal aesthetic, the serene lake appears serene against the horizon.",12718
fisheye,"A fisheye photograph of a mysterious volcanic crater, emphasizing natural light and balanced tones.",22215
HDR,A HDR photo series focusing on dramatic landscapes like the rocky canyon.,35684
film grain,A film grain view emphasizing mist-covered patterns and contrast within the coral beach.,26238
soft focus,"A large-format soft focus photo of a shadowed city skyline, realistic lighting and crisp detail.",35757
fashion,"In a fashion mood, this image captures the golden serenity of the stormy sea.",35242
food,"A carefully composed food photo of the city skyline, filled with icy tones.",8416
macro,"In macro photography, a vivid depiction of the stormy sea during twilight.",22239
surreal,"A surreal capture of a mist-covered dense pine forest, rendered in photorealistic lighting.",6022
architectural,"A architectural photograph of a mist-covered serene lake, emphasizing natural light and balanced tones.",36273
HDR,"In HDR photography, a icy depiction of the stormy sea during twilight.",5270
minimalist,A minimalist photograph of a volcanic crater bathed in melancholic afternoon light and atmospheric tones.,44345
high contrast,A high contrast photograph depicting the crisp stillness of the dense pine forest at dawn.,30017
sepia tone,"A carefully composed sepia tone photo of the forest valley, filled with melancholic tones.",30945
wide-angle,A wide-angle photo series focusing on melancholic landscapes like the coastal cliffs.,8717
fisheye,"A fisheye capture of a majestic ancient ruins, rendered in photorealistic lighting.",24413
golden hour,A golden hour scenic shot portraying mist-covered mountains and the hidden waterfall in harmony.,30608
overexposed,"A nature photo taken in overexposed style, highlighting a icy forest valley with soft shadows.",44927
fisheye,"A fisheye art photograph of the volcanic crater, with radiant framing and luminous tone.",20839
landscape,A landscape view emphasizing golden patterns and contrast within the volcanic crater.,26953
dreamy,A dreamy photograph of a coastal cliffs bathed in golden afternoon light and atmospheric tones.,36607
